-- Haras Monte Sião - Seed inicial gerado automaticamente
-- Inserir animais
INSERT INTO animais (id, nome, localizacao, finalidade, tipo, comprador, situacao) VALUES
  ('ddabbe40-d1ee-474c-a081-0b4d0370fec2', 'A VINTAGE WANDA', 'CENTRAL BARRETOS - 3G', 'TRABALHO', 'REPRODUÇÃO', 'DALIDE', 'ATIVO'),
  ('d466af98-ffe1-4c46-aa9d-e768ff64bab7', 'ALAMITA SHADY', 'RANCHO MONTE SIÃO - PE', 'VAQUEJADA', 'EGUA', 'SEM CONTRATO', 'ATIVO'),
  ('e43c0a95-f0e6-462a-84f9-72ce3dd8434c', 'ALMA VIVA EASE SHOW', 'MONTE SIÃO HARAS - TO', 'VAQUEJADA', 'POTRA', 'VILMA', 'ATIVO'),
  ('cc7d54db-6a5d-4e7b-8918-3e4feba07d31', 'APACHE (50%)', 'EUA', 'TRABALHO', 'REPRODUÇÃO', NULL, 'ATIVO'),
  ('167afa83-a136-4d5f-af71-8de14f1aab28', 'AS TIME GOES BY FFB', 'MONTE SIÃO HARAS - TO', 'TRABALHO', 'REPRODUÇÃO', 'DALIDE', 'ATIVO'),
  ('c3d75c75-837a-4afc-bb96-c52844b56605', 'ATENAS FLING', 'POTIGUAR RANCH', 'VAQUEJADA', 'POTRA', 'MONTE SIÃO', 'ATIVO'),
  ('a9162e0c-d63f-4614-a6e8-e93ea19f209a', 'BAHAMAS JECK', 'MONTE SIÃO HARAS - TO', 'VAQUEJADA', 'POTRA', NULL, 'ATIVO'),
  ('97b4d196-2686-48f3-ae4a-a4a189dd653c', 'BARBARA FIT', 'CENTRAL BARRETOS - 3G', 'VAQUEJADA', 'REPRODUÇÃO', 'VILMA', 'ATIVO'),
  ('81475aa1-fbf8-46fc-9575-7d4fe75f378a', 'BIG BOY GUNNER', 'GURUPI', 'LAÇO', 'CAVALO', 'VILMA', 'ATIVO'),
  ('880dd1b6-79ac-4255-be5f-885032aaeb3c', 'BUDY SUCESS', 'MONTE SIÃO HARAS - TO', 'VAQUEJADA', 'EGUA', 'VILMA', 'ATIVO'),
  ('974f170c-2205-460b-8f4d-28cab487c633', 'BUENA STARNITE', 'COM O VENDEDOR', 'TRABALHO', 'REPRODUÇÃO', 'VILMA', 'ATIVO'),
  ('9989aabb-d355-42fd-88ee-10cae1e43b3e', 'CAFU STELL', 'MONTE SIÃO HARAS - TO', 'VAQUEJADA', 'POTRO', 'VILMA', 'ATIVO'),
  ('c6b47fb6-9819-4f2a-9ccd-3cf2663c39d8', 'CASE EBONY', 'COM VENDEDOR', NULL, NULL, NULL, 'ATIVO'),
  ('7accc515-a094-4172-a4d7-5d401be79db9', 'CHIEF STARBUKS CHEX', 'CT PIRIKITO - SP', 'TRABALHO', 'CAVALO', 'VILMA', 'ATIVO'),
  ('360d6068-63dc-461b-a9a9-cc5220ea4e61', 'CIGANA FIT', 'CANCELADA', 'CANCELADA', 'CANCELADA', 'MONTE SIÃO', 'ATIVO'),
  ('6aad1e59-7f15-49fb-a53a-bdc7b371b986', 'CLEO HOLLAND', 'MONTE SIÃO HARAS - TO', 'VAQUEJADA', 'POTRA', 'VILMA', 'ATIVO'),
  ('4145346e-ee69-40ac-9fb6-b65989a02bc6', 'CONAN DELL RANCHO', 'MONTE SIÃO HARAS - TO', 'VAQUEJADA', 'POTRO', 'VILMA', 'ATIVO'),
  ('c4164aae-c6ca-4cb2-b2e7-cd35fe85e1c8', 'DEBBY LAD STEEL', 'RANCHO MONTE SIÃO - PE', 'VAQUEJADA', 'EGUA', 'VILMA', 'ATIVO'),
  ('cbefc30d-4f2b-4060-8d1b-82c6f78eefcc', 'DIELMA TORO', 'GERA GUERRA', 'VAQUEJADA', 'COMPETIÇÃO', 'VILMA', 'ATIVO'),
  ('505fe400-4e5b-4afd-a245-abc179476dc1', 'DINASTIA', 'CENTRAL BARRETOS - 3G', 'VAQUEJADA', 'REPRODUÇÃO', 'VILMA', 'ATIVO'),
  ('6760aa18-dfa0-48a0-8434-90a6ca9c8a64', 'DIVA EASE', 'MONTE SIÃO HARAS - TO', 'VAQUEJADA', 'REPRODUÇÃO', 'VILMA', 'ATIVO'),
  ('cb07d140-c1d0-4030-b16a-6ecfc58f81a0', 'DON HOLLAND', 'COM O VENDEDOR', 'VAQUEJADA', 'COMPETIÇÃO', 'VILMA', 'ATIVO'),
  ('12040910-5b69-421b-86b2-686fcf898f00', 'DON SUGAR RPC', NULL, NULL, NULL, NULL, 'ATIVO'),
  ('f9a61a3a-c1ec-4b44-a97c-ae66facd467a', 'DONA APOLO', 'MONTE SIÃO HARAS - TO', 'VAQUEJADA', 'EGUA', 'VILMA', 'ATIVO'),
  ('4c153cad-01a0-42db-95c3-d760cf89c3a7', 'DONATELA APOLLO', 'MONTE SIÃO HARAS - TO', 'VAQUEJADA', 'POTRA', NULL, 'ATIVO'),
  ('a02d3f62-f38e-471a-a515-fc5159acff4a', 'DOURADA APOLLO', 'RANCHO MONTE SIÃO - PE', 'VAQUEJADA', 'EGUA', 'VILMA', 'ATIVO'),
  ('0e1aef42-a16a-4e57-98e8-c2455bc861b8', 'DUNIT DEJA', 'COM  O SOCIO', 'TRABALHO', 'REPRODUÇÃO', 'MONTE SIÃO', 'ATIVO'),
  ('ece4bc0b-55a8-43b4-b587-43c75ef8b0e4', 'EASE APOLLO SILVER', 'GERA GUERRA', 'VAQUEJADA', 'COMPETIÇÃO', 'SEM CONTRATO', 'ATIVO'),
  ('fd653b40-63a8-4189-be54-399b6e59313d', 'EASE JECK', 'GERA GUERRA', 'VAQUEJADA', 'COMPETIÇÃO', 'VILMA', 'ATIVO'),
  ('39212f86-2f83-4bc2-8fef-a4916eac70a7', 'EBONY SMART', 'JBJ', 'TRABALHO', 'REPRODUÇÃO', 'DALIDE', 'ATIVO'),
  ('2aebd979-ac78-4d9a-867d-91a9b7bfb67b', 'ELETRIC BRIM STAR', '-', 'TRABALHO', 'REPRODUÇÃO', 'MONTE SIÃO', 'ATIVO'),
  ('d3fe50a7-fc84-4af5-b681-451026e21ea1', 'ETERNALA JECK', 'RANCHO MONTE SIÃO - PE', 'VAQUEJADA', 'REPRODUÇÃO', 'MONTE SIÃO', 'ATIVO'),
  ('b9a789aa-7e45-42f3-8449-52a9c48dbe8a', 'ETNA CASH', 'GERA GUERRA', 'VAQUEJADA', 'COMPETIÇÃO', 'VILMA', 'ATIVO'),
  ('8e6ef5c2-2078-4fe4-b3e5-7fff6f22c87b', 'EVITA ETERNAL', 'RANCHO MONTE SIÃO - PE', 'VAQUEJADA', 'EGUA', 'VILMA', 'ATIVO'),
  ('70334ed0-6c1b-46d9-901b-c7cbae67c8eb', 'EXPECTOR (50%)', 'GERA GUERRA', 'VAQUEJADA', 'COMPETIÇÃO', 'VILMA', 'ATIVO'),
  ('6bda76b2-0fd1-4f9a-92f8-e9c47f7b3c94', 'FLOR BIG FIT', 'VIRGOLINO TREINADOR - CEARA', 'VAQUEJADA', 'COMPETIÇÃO', NULL, 'ATIVO'),
  ('eff3d7d0-2ca1-4243-a059-448da6cf2a8f', 'GLOBELEZA', 'RANCHO MONTE SIÃO - PE', 'VAQUEJADA', 'COMPETIÇÃO', 'VILMA', 'ATIVO'),
  ('dd48a2bb-1785-4026-a6d2-594f8579f93d', 'GO GIRL TORO', 'CANCELADA', 'CANCELADA', 'CANCELADA', 'CANCELADA', 'ATIVO'),
  ('895ac411-1f75-45e4-9d7c-6d9e112e2a7b', 'HANNAH APOLLO', 'MONTE SIÃO HARAS - TO', 'VAQUEJADA', 'POTRA', NULL, 'ATIVO'),
  ('74c10cd0-0912-4e64-8e8a-64ec91c8789f', 'HENRYETA JECK', 'GERA GUERRA', 'VAQUEJADA', 'COMPETIÇÃO', 'VILMA', 'ATIVO'),
  ('8abbac3a-d856-425e-9a53-7b8852919273', 'INFINIT STEEL GAT', 'RANCHO MONTE SIÃO - PE', 'VAQUEJADA', 'COMPETIÇÃO', 'SEM CONTRATO', 'ATIVO'),
  ('9b0143d0-df6f-46a5-9f17-faa3c6368c0e', 'IZIBIDA', NULL, NULL, NULL, NULL, 'ATIVO'),
  ('3e3a4ead-abab-41d9-81f3-cbab60861efa', 'LADY GUNNE AGAIN', 'CENTRAL BARRETOS - 3G', 'TRABALHO', 'REPRODUÇÃO', 'DALIDE', 'ATIVO'),
  ('7be896c9-6aa2-42ab-bfca-c72b9c95d597', 'LILL RENE GUN', 'COM VENDEDOR', 'TRABALHO', 'REPRODUÇÃO', 'MONTE SIÃO', 'ATIVO'),
  ('f4793ecf-a583-49ce-9415-9865843c6f28', 'LILYTH', 'EUA', 'TRABALHO', 'REPRODUÇÃO', 'VILMA', 'ATIVO'),
  ('240b7803-7cdc-4d48-9995-90016325b914', 'LINDA GUNNER', 'RANCHO DO GUGA - SP', 'TRABALHO', 'REPRODUÇÃO', 'VILMA', 'ATIVO'),
  ('60556e6f-ba93-49f0-90d1-9bc210954f7b', 'LITTLE GOTA', 'MONTE SIÃO HARAS - TO', 'TRABALHO', 'POTRA', NULL, 'ATIVO'),
  ('866fbcc1-504b-46e9-8a80-53805e106961', 'LIZ FAST GIRL', 'MONTE SIÃO HARAS - TO', 'VAQUEJADA', 'EGUA', 'VILMA', 'ATIVO'),
  ('37a75f73-bf73-4b58-8e23-39108c293711', 'MASKED DIAMOND', 'RANCHO DO GUGA - SP', 'TRABALHO', 'POTRA', 'VILMA', 'ATIVO'),
  ('69ae00d8-a3ee-4f6c-b908-c74d976933be', 'METAL BLOND GIRL', 'MONTE SIÃO HARAS - TO', 'TRABALHO', 'POTRA', 'DALIDE', 'ATIVO'),
  ('88d85540-542e-4448-be0e-371cb7c1d7da', 'MIA BLACK', NULL, NULL, NULL, NULL, 'ATIVO'),
  ('de649f9e-c147-43d3-a633-bce7f4374607', 'MISS BELA', 'MONTE SIÃO HARAS - TO', 'VAQUEJADA', 'COMPETIÇÃO', 'VILMA', 'ATIVO'),
  ('0647016f-b6fb-467e-8061-bb5be447f87c', 'MISS GOOD HENRY', 'POTIGUAR RANCH', 'VAQUEJADA', 'REPRODUÇÃO', 'MONTE SIÃO', 'ATIVO'),
  ('c3ee27c2-1ad5-44e9-95a8-de43209f75ba', 'MISS HONDO DIEGO', 'POTIGUAR RANCH', 'VAQUEJADA', 'REPRODUÇÃO', 'MONTE SIÃO', 'ATIVO'),
  ('d6647ed5-da16-4721-8040-2ead8527629d', 'MOONLIGHT', NULL, NULL, NULL, NULL, 'ATIVO'),
  ('6c38b527-157f-4643-9c25-c94f4296f3e2', 'MY CHICS GOT GUNS', 'CENTRAL BARRETOS - 3G', 'TRABALHO', 'REPRODUÇÃO', 'DALIDE', 'ATIVO'),
  ('7c9ae3fb-f172-42cb-9c4d-4450647ce732', 'MYDIAM (25%)', 'EUA', 'TRABALHO', 'REPRODUÇÃO', NULL, 'ATIVO'),
  ('80c82e88-d061-4b39-a4f6-7ef9444fa7d4', 'NATCHE APOLO', 'MONTE SIÃO HARAS - TO', 'VAQUEJADA', 'COMPETIÇÃO', 'VILMA', 'ATIVO'),
  ('13565087-de9b-40dc-98cc-f357f5278870', 'NOBREZA JECK', 'RANCHO MONTE SIÃO - PE', 'VAQUEJADA', 'POTRA', 'MONTE SIÃO', 'ATIVO'),
  ('1c786c1e-0d96-4618-b5e2-2356fcd75314', 'ONE TIME SUCESS', 'MONTE SIÃO HARAS - TO', 'TRABALHO', 'CAVALO', 'VILMA', 'ATIVO'),
  ('36854e52-c7a9-4498-8caf-ce1ae2471bef', 'PALE BLACK', 'CANCELADA', 'CANCELADA', 'CANCELADA', 'CANCELADA', 'ATIVO'),
  ('e50bc01b-df28-491c-b52a-3c48c73e6277', 'POETIZA KEYS', 'POTIGUAR RANCH', 'VAQUEJADA', 'REPRODUÇÃO', 'MONTE SIÃO', 'ATIVO'),
  ('fa6d3128-234c-4f33-99e0-fad2011bb53b', 'POTRA AQHA (SEM REGISTRO ) - FRANGE', NULL, NULL, NULL, NULL, 'ATIVO'),
  ('c1aed6bd-d9ec-4047-b247-e4e64c7122a6', 'POTRA AQHA (SEM REGISTRO ) - PITOMBEIRA', NULL, NULL, NULL, NULL, 'ATIVO'),
  ('be043d33-2261-4b6d-a236-9e55b4a64079', 'POTRAS FRANGE - CONQUISTA 1', 'MONTE SIÃO HARAS - TO', 'VAQUEJADA', 'POTRA', NULL, 'ATIVO'),
  ('b639bd8f-2527-4643-bda0-b02d081efc9a', 'POTRAS FRANGE - CONQUISTA 2', 'MONTE SIÃO HARAS - TO', 'VAQUEJADA', 'POTRA', NULL, 'ATIVO'),
  ('64acd22f-8dc2-4209-90cc-fe31d23f767a', 'PRETY WHIZ ICE GUN', 'SPIRIT RANCH - PE', 'TRABALHO', 'REPRODUÇÃO', 'MONTE SIÃO', 'ATIVO'),
  ('9592224b-99b2-41fa-b58a-e468f4c3ac38', 'QUINTURA ZORRERO', 'GERA GUERRA', 'VAQUEJADA', NULL, 'VILMA', 'ATIVO'),
  ('3504f1bc-4fb1-40fb-a1e8-a806d973de75', 'QUIS SMOTH', 'COM O VENDEDOR', 'TRABALHO', 'REPRODUÇÃO', 'MONTE SIÃO', 'ATIVO'),
  ('924db1e7-90e7-4a69-a99d-ccf51c965d40', 'RARA VISTA', 'CENTRAL BARRETOS - 3G', 'VAQUEJADA', 'REPRODUÇÃO', 'VILMA', 'ATIVO'),
  ('b4391c79-14de-47d5-aa14-6ac960b886ce', 'SAMANTHA REMINIC UG', 'GURUPI', 'LAÇO', 'COMPETIÇÃO', 'VILMA', 'ATIVO'),
  ('ab8298ab-40c5-42fd-b3ac-0343eb4a97f6', 'SEM REGISTRO - 043084', NULL, NULL, NULL, NULL, 'ATIVO'),
  ('b6dab1ad-2d9c-4cf6-abac-d2c315218a6f', 'SEM REGISTRO - BRUNO ARAUJO - 42084', NULL, NULL, NULL, NULL, 'ATIVO'),
  ('cf486925-8f02-47b1-b661-042615df7333', 'SEM REGISTRO - JACQUES RODRIGO (004155) - AQHA', NULL, NULL, NULL, NULL, 'ATIVO'),
  ('7e6cf6bd-03a2-4ea6-b795-5dc5c901d402', 'SHINING SMART CHEX', 'SERGIO EGLESIAS - SOCIO', '-', '-', 'VILMA', 'ATIVO'),
  ('d25fd270-ee72-4a08-81a5-7811b654bca5', 'SIMARIA FLING', 'RANCHO MONTE SIÃO - PE', 'VAQUEJADA', 'EGUA', 'VILMA', 'ATIVO'),
  ('429d860e-1008-4f7b-94c8-4a6e4d19a12c', 'SIOUX HANCOK', 'GURUPI', 'LAÇO', 'COMPETIÇÃO', 'VILMA', 'ATIVO'),
  ('c081cccf-e65f-4591-8117-2d8f18c7f84a', 'SIXTY SIX SECRETS', 'EUA', 'TRABALHO', 'REPRODUÇÃO', 'VILMA', 'ATIVO'),
  ('b44a458c-18b0-4a8b-a9b3-2890aa432b28', 'SMART LENA', 'COM O VENDEDOR', 'TRABALHO', 'POTRA', 'MONTE SIÃO', 'ATIVO'),
  ('178a28b6-cc67-48bf-96d6-1bb25d785dcc', 'SO MUCH INFERNAL', 'COM VENDEDOR', 'TRABALHO', 'POTRA', NULL, 'ATIVO'),
  ('3a4e81f5-fca7-4ec9-ad5a-c148ca074968', 'SPARKE BRUTÃO', 'MONTE SIÃO HARAS - TO', 'LAÇO', 'COMPETIÇÃO', 'VILMA', 'ATIVO'),
  ('87a7cff6-79e3-451a-8096-82212e9e2444', 'SPARKLING BELLY SKY', 'GURUPI', 'LAÇO', 'COMPETIÇÃO', 'VILMA', 'ATIVO'),
  ('78394202-925a-4f47-bea3-1c3bc54c92f7', 'STAR AND SPARKS', 'EUA', 'TRABALHO', 'REPRODUÇÃO', 'VILMA', 'ATIVO'),
  ('442202fe-4bfd-48a2-bde1-5546e2b6618d', 'TROIA APOLLO', 'CENTRAL EQUICENTER - SP', 'VAQUEJADA', 'REPRODUÇÃO', 'MONTE SIÃO', 'ATIVO'),
  ('ea245f7f-a28d-4472-b75d-dd10da96e7db', 'VIKING ZORRERO', 'RANCHO MONTE SIÃO - PE', 'VAQUEJADA', 'CAVALO', 'VILMA', 'ATIVO'),
  ('d419286e-0f1e-4403-9b04-6aee790556e1', 'WHATTA DOLL', 'RANCHO DO GUGA - SP', 'TRABALHO', 'REPRODUÇÃO', 'VILMA', 'ATIVO'),
  ('e337ac59-fb2f-4878-8d27-e77bc17b0194', 'WOD ZORRERO', 'MONTE SIÃO HARAS - TO', 'VAQUEJADA', 'POTRO', 'VILMA', 'ATIVO'),
  ('8ce3c797-85d7-4d3b-9a4e-cb5ba0b2d1f5', 'YELLOW DIEGO', 'CENTRAL BARRETOS - 3G', 'VAQUEJADA', 'REPRODUÇÃO', 'MONTE SIÃO', 'ATIVO'),
  ('e1e2e719-31f8-450a-b34a-606f1be8dd62', 'INQUESTIONAVEL', 'GERA GUERRA', 'VAQUEJADA', NULL, 'VILMA', 'ATIVO'),
  ('fa0c9d5c-eec6-423b-98b3-ccce71dd67d9', 'MILADY JECK', 'MONTE SIÃO HARAS - TO', 'VAQUEJADA', 'POTRO', 'VILMA', 'ATIVO'),
  ('93e0183d-5c58-477f-a8ca-13478684dcd3', 'MISS VITORIA', 'MONTE SIÃO HARAS - TO', 'VAQUEJADA', 'POTRO', 'VILMA', 'ATIVO'),
  ('6d1ad357-a554-417e-85e7-5daac7765b7f', 'FLASH ETERNALY', 'RANCHO MONTE SIÃO - PE', 'VAQUEJADA', 'COMPETIÇÃO', 'DALIDE', 'ATIVO'),
  ('d7d307ef-148b-49b9-860d-a0d4b86192f6', 'VENCEDORA DOC FIT', 'MONTE SIÃO HARAS - TO', 'VAQUEJADA', 'REPRODUÇÃO', 'VILMA', 'ATIVO'),
  ('31520882-97fd-44a0-9665-f9c8900bae20', 'CRISTAL EASE SUCESS', 'MONTE SIÃO HARAS - TO', 'VAQUEJADA', 'REPRODUÇÃO', 'VILMA', 'ATIVO'),
  ('158ab363-6096-4b97-b3cc-5333778a721b', 'DANDARA TORO', 'VENDIDA', 'VENDIDA', 'VENDIDA', 'VENDIDA', 'ATIVO'),
  ('92f15bdc-dcd6-4c78-b85f-a7ca973d18bc', 'MY PRINCESS', 'VENDIDA', 'VENDIDA', 'VENDIDA', 'VENDIDA', 'ATIVO'),
  ('578ca382-c8ab-48eb-b1b5-3def75ba3e0f', 'POTRAS FRANGE - CONQUISTA GUNNER', 'MONTE SIÃO HARAS - TO', NULL, NULL, NULL, 'NEGOCIAR'),
  ('0ee4409e-4f40-4e97-aa9d-71d0aa2be887', 'POTRAS FRANGE - CONQUISTA  DUNA', 'MONTE SIÃO HARAS - TO', NULL, NULL, NULL, 'NEGOCIAR'),
  ('bf27383e-5552-4cda-95c7-3e4c87d4c7ba', 'FORTUNES', NULL, NULL, NULL, NULL, 'NEGOCIAR'),
  ('3a437403-9d0b-490d-89e5-46168d1c2392', 'MYDIAMONDS', 'SEM LOCALIZAÇÃO', NULL, NULL, NULL, 'NEGOCIAR'),
  ('90ca141c-1f6d-4c95-8241-8c562d3b3d21', 'EBONYS SMART', 'JBJ', NULL, NULL, NULL, 'NEGOCIAR'),
  ('43a19f1f-5812-4ba0-97b6-83269c6a3e22', 'DUCK BAR MIM', 'GERA GUERRA', NULL, NULL, NULL, 'NEGOCIAR'),
  ('3f326db6-945a-4145-94a0-5eb24bc3daac', 'ANIMAL', 'LOCALIZAÇÃO', NULL, NULL, NULL, 'ATIVO'),
  ('ce394ee9-9361-4308-b12e-de2789c23ec0', 'CHIEF STARBUCK CHEX - P215024', 'CT PIRIKITO - SP', NULL, NULL, NULL, 'ATIVO'),
  ('9af19c19-0739-401a-90cd-3c8e971f00fd', 'DON HOLLAND JACK HJG - P250375', 'COM O VENDEDOR', NULL, NULL, NULL, 'ATIVO'),
  ('2c025fb6-30b8-43e3-ad9b-18b2d832048d', 'FLOR BIG FIT LM - P240975', 'VIRGOLINO TREINADOR - CEARA', NULL, NULL, NULL, 'ATIVO'),
  ('ce688862-279e-4d7b-a536-6535012b20a4', 'IZIBIDA FLOR FIT JPF - P396106', NULL, NULL, NULL, NULL, 'ATIVO'),
  ('58b7b48b-6fca-4381-8917-fcaf521f4b65', 'PALOMITA SAN', NULL, NULL, NULL, NULL, 'ATIVO'),
  ('8443add5-d4e6-46ac-ad22-08d48df4448b', 'SOOKIE', 'MONTE SIÃO HARAS - TO', NULL, NULL, NULL, 'ATIVO'),
  ('22f3e60b-9e62-4c32-a964-a47751ae7886', 'DUN IT TO TRASH', 'VENDIDA', NULL, NULL, NULL, 'ATIVO'),
  ('dfcd35da-7e79-404c-ac56-252cc86436d8', 'QUINTURA ZORRERO - PITOMBEIRA', 'GERA GUERRA', NULL, NULL, NULL, 'ATIVO'),
  ('5a03e2eb-2807-4b40-97c0-783ece1f527d', '12 CAVALOS QUE COMPRAMOS NO LEILAO SANTHYAGO', 'MONTE SIÃO HARAS - TO', NULL, NULL, NULL, 'ATIVO'),
  ('2ee695e2-5726-42e7-a5a9-a734de44834d', 'WOOD ZORRERO', 'DEVOLVIDA', NULL, NULL, NULL, 'ATIVO'),
  ('e136f0d0-089a-420a-8038-be8b6799c9f5', 'BUDY SUCCESS HH - P275395', 'DEVOLVIDA', NULL, NULL, NULL, 'ATIVO'),
  ('af20431f-4e6b-419a-a8ac-d0dd8ebc6cbf', 'ATHENAS FLING', 'DEVOLVIDA', NULL, NULL, NULL, 'ATIVO');

-- Inserir fornecedores
INSERT INTO fornecedores (id, nome, nome_curto, cnpj_cpf) VALUES
  ('a3794e43-08c1-40fd-8421-bdcf714b571f', 'ALPAKATHA AGROPECUÁRIA LTDA.', 'ALPAKATHA AGROPECUÁRIA LTDA.', NULL),
  ('3540193b-14a3-4442-a9d9-c94784e87109', 'ANTONIO VINICIUS NOGUEIRA JUNIOR - CPF: 05328986482', 'ANTONIO VINICIUS NOGUEIRA JUNIOR', '05328986482'),
  ('b973de35-2dd7-49ae-bfa0-c8fa03a71ac4', 'JANE EYRE QUEIROGA GOMES BARBOSA - CPF: 79832458404', 'JANE EYRE QUEIROGA GOMES BARBOSA', '79832458404'),
  ('613ade03-df04-4bce-a4e3-a7d1579adb8c', 'JM3N GEST. SOCIET. E DE IMOVEIS PROPRIOS - CNPJ: 45273898000100', 'JM3N GEST. SOCIET. E DE IMOVEIS PROPRIOS', '45273898000100'),
  ('765b7cce-7e7f-4d4f-9b44-982e7044399e', 'CAFULA AGROPECUARIA(JCN RANCH) - CNPJ: 05956202000125', 'CAFULA AGROPECUARIA(JCN RANCH)', '05956202000125'),
  ('482c09fc-dd71-4919-921b-7c168dc8d6c4', 'EDUARDO PRADO DE OLIVEIRA JUNIOR - CPF: 91350565504', 'EDUARDO PRADO DE OLIVEIRA JUNIOR', '91350565504'),
  ('1a751039-1158-44da-b0cc-9073165e6f92', 'ELDER MARQUES FONTES - CPF: 01650658508', 'ELDER MARQUES FONTES', '01650658508'),
  ('64c9cc1a-c54b-48ca-ab12-756a49b04caf', 'GUILHERME MONTEIRO DE MELLO - CPF: 04260043889', 'GUILHERME MONTEIRO DE MELLO', '04260043889'),
  ('e19f8c9b-67d9-4575-9b2d-40457c3c7748', 'JOSE ARIMATEIAS DE LEMOS (EMPRENDIMENTOS E E M LTDA) - CPF: 38147238487', 'JOSE ARIMATEIAS DE LEMOS (EMPRENDIMENTOS E E M LTDA)', '38147238487'),
  ('cb1bedbd-17b0-4012-a822-9f57df879914', 'RICARDO ANGELO POLTRONIERI - CPF: 25062667801', 'RICARDO ANGELO POLTRONIERI', '25062667801'),
  ('fa6f8b01-78c8-449a-b733-d11879c2702a', 'AGROMAIS HORSE LTDA - CNPJ: 57462661000156', 'AGROMAIS HORSE LTDA', '57462661000156'),
  ('7b3dfca5-90fa-4d4f-8d84-44a35acf000b', 'AGROPECUARIA BERNARDI LTDA(EGLON LUIZ BERNARDI) - CNPJ: 59688575000191', 'AGROPECUARIA BERNARDI LTDA(EGLON LUIZ BERNARDI)', '59688575000191'),
  ('1e32763e-7873-4de7-8c4a-fd1fcc5f6ac9', 'AGROPECUARIA GRATIDAO - CNPJ: 32785158000100', 'AGROPECUARIA GRATIDAO', '32785158000100'),
  ('54378ff6-9300-48c3-86ae-c26618fd7a40', 'CASSIO JOSE NAJAR ADDINY', 'CASSIO JOSE NAJAR ADDINY', NULL),
  ('9d1a24b6-d3f8-402f-a186-7bb9ffeb320d', 'GILMAR MANDOTTI GARCIA - CPF: 26787703899', 'GILMAR MANDOTTI GARCIA', '26787703899'),
  ('0caba2d0-fd7c-4101-8136-a0a4f1349d77', 'BARBARA  CAROLINA FERNANDES MOTA HORTO -(POTIGUAR RANCH)', 'BARBARA  CAROLINA FERNANDES MOTA HORTO -(POTIGUAR RANCH)', NULL),
  ('c8e1ab28-a51b-4463-8ed1-fadbdafda832', 'RICARDO MARQUES MENDES - CPF: 32376575818', 'RICARDO MARQUES MENDES', '32376575818'),
  ('701c62ca-d0a3-476b-94ea-ca89687fb5cc', 'ANDRE TRIPOLONI - CPF: 00427648904', 'ANDRE TRIPOLONI', '00427648904'),
  ('8174d8ab-72ce-46be-9c12-509ea8ad6761', 'DANTON DEQUECH - CPF: 02026947988', 'DANTON DEQUECH', '02026947988'),
  ('f05cb8ae-13f5-4bc8-937d-6467b3051d92', 'FERNANDO CERVELATI BOTTEON - CPF: 16758254836', 'FERNANDO CERVELATI BOTTEON', '16758254836'),
  ('800602fb-f31f-47f2-b9d2-4d94ed56a6aa', 'JACQUES RODRIGUES JUNIOR (AGROPECUARIA RETIRO VELHO) - CPF: 00186436637', 'JACQUES RODRIGUES JUNIOR (AGROPECUARIA RETIRO VELHO)', '00186436637'),
  ('0aeea602-f469-4495-acef-a81b23f04750', 'BRUNO ARAUJO CONRADO - CPF: 08303776975', 'BRUNO ARAUJO CONRADO', '08303776975'),
  ('6fb4d18c-dea2-46d8-bd40-d5145785d11a', 'NOW COBRANCAS (LINCOLN MALHEIRO JUNQUEIRA FIGUEIREDO) - CPF: 21266911871', 'NOW COBRANCAS (LINCOLN MALHEIRO JUNQUEIRA FIGUEIREDO)', '21266911871'),
  ('b6d2c560-1a88-4f83-bef0-1c4870527e2b', 'ANTONIO FRANGE JUNIOR', 'ANTONIO FRANGE JUNIOR', NULL),
  ('70aaa061-3c11-4756-a162-b40938bb0f4f', 'JAMIL BUCHALLA FILHO - CNPJ: 07998298000110', 'JAMIL BUCHALLA FILHO', '07998298000110'),
  ('1dcb3b0b-38d1-4950-a330-a9458dfe44e3', 'MARCUS VINICIUS CORREA FERRARI - CPF: 01209581043', 'MARCUS VINICIUS CORREA FERRARI', '01209581043'),
  ('143e2ad6-2bb1-4ea6-9c0a-6939af40a3e6', 'CARLOS EDUARDO PEDROSA AURICHIO PASIN', 'CARLOS EDUARDO PEDROSA AURICHIO PASIN', NULL),
  ('d66d5ff6-0863-469f-b297-63e5a43f6c2d', 'HOSPITAL DO CANCER DE BARRETOS - CNPJ: 49150352000201', 'HOSPITAL DO CANCER DE BARRETOS', '49150352000201'),
  ('c8b99c32-6669-4361-8ca7-191efde68c56', 'JBJ AGROPECUARIA LTDA (FAZENDA MODELO) - CNPJ: 15689716002320', 'JBJ AGROPECUARIA LTDA (FAZENDA MODELO)', '15689716002320'),
  ('64451f70-4e7b-4944-af37-e79be95cde8e', 'JEFFERSON BUTTI ABBUD E OUTROS - CNPJ: 08243680000186', 'JEFFERSON BUTTI ABBUD E OUTROS', '08243680000186'),
  ('e8fed82b-32e6-4689-8001-9d3f9b94bf92', 'JOAO AVELINO LEAL - CPF: 46134549134', 'JOAO AVELINO LEAL', '46134549134'),
  ('2fff6aef-6e7b-44b1-9464-2e1c0626630c', 'PAULO RENATO DA CUNHA', 'PAULO RENATO DA CUNHA', NULL),
  ('25c6c2bf-3fa1-4030-8ebc-8a61daa65b30', 'VALTOIR FERREIRA DA SILVA LTDA - CNPJ: 20429609000279', 'VALTOIR FERREIRA DA SILVA LTDA', '20429609000279'),
  ('7560cf7c-5d01-4608-80b7-ca7f17ecf692', 'JULIO BORGES FARIAS - CPF: 01799140490', 'JULIO BORGES FARIAS', '01799140490'),
  ('fa26ca38-56a1-4482-916d-66119177990e', 'POTIGUAR RANCH', 'POTIGUAR RANCH', NULL),
  ('25838efa-8bde-4871-85d0-d863ee5f635f', 'LITTLER LEO DO BRASIL LTDA', 'LITTLER LEO DO BRASIL LTDA', NULL),
  ('12935f4d-e5dc-4080-931f-441a49797228', 'TRIPLE FALLIANCE DO BRASIL LTDA- MAVERIK COBERTU( QUARTER ASSETS MANAGEMET LTDA-', 'TRIPLE FALLIANCE DO BRASIL LTDA- MAVERIK COBERTU( QUARTER ASSETS MANAGEMET LTDA-', NULL),
  ('ef5b5974-7015-44e4-89a6-ebb6e8573838', 'MARCUS BUSINESS E IMPORTS LTDA ( QUARTER ASSETS MANAGEMET LTDA) - CNPJ: 57394625000100', 'MARCUS BUSINESS E IMPORTS LTDA ( QUARTER ASSETS MANAGEMET LTDA)', '57394625000100'),
  ('607f9147-13bc-433b-8532-0545a4abf7ec', 'HARAS REVOLLUTION LTDA EPP - CNPJ: 52990125000100', 'HARAS REVOLLUTION LTDA EPP', '52990125000100'),
  ('8d3362d0-f4ae-444f-84df-6ffae13c31c3', 'DTF BRAZIL SPE LTDA - CNPJ: 51255519000151', 'DTF BRAZIL SPE LTDA', '51255519000151'),
  ('d41fd3c3-c9b7-412c-8afe-a05c9415f8df', 'HAROLDO ANDRE BIROLIM - CPF: 27600691841', 'HAROLDO ANDRE BIROLIM', '27600691841'),
  ('d5038b4c-ed29-411e-b039-91be9435ad8f', 'PAULO AFONSO LEITE - CPF: 00026258811', 'PAULO AFONSO LEITE', '00026258811'),
  ('181d388f-480c-4ce7-893e-f54899c859e6', 'LIL JOE CASH SPE LTDA - CNPJ: 53311123000100', 'LIL JOE CASH SPE LTDA', '53311123000100'),
  ('e1c6a0e6-8a87-414d-ba79-14d634725ff4', 'ANA LAURA SAVINI GOMES - CPF: 48416186863', 'ANA LAURA SAVINI GOMES', '48416186863'),
  ('6a4edf82-3940-4ee7-8ce2-d40fb2a1ae07', 'CELSO VITORIO DOS SANTOS (VALDINEA MARIA ALVES OMENA) JOELMA P DOS SANTOS PIX - CPF: 00927375443', 'CELSO VITORIO DOS SANTOS (VALDINEA MARIA ALVES OMENA) JOELMA P DOS SANTOS PIX', '00927375443'),
  ('b51cfdb9-0ce7-42f0-9e13-07ee3f5b1655', 'YURE PIANCO (PIANCO MATERIAIS DE CONSTRUCAO LTDA - CNPJ: 48757441000169', 'YURE PIANCO (PIANCO MATERIAIS DE CONSTRUCAO LTDA', '48757441000169'),
  ('aebf4a09-28d5-4b40-9074-db9a157e1b83', 'MILANNY REPRODUCAO E INSEMINAÇÃO ARTIFICIAL LTDA - CNPJ: 57533673000124', 'MILANNY REPRODUCAO E INSEMINAÇÃO ARTIFICIAL LTDA', '57533673000124'),
  ('33f9086b-9445-4285-ab7b-534d96aaab13', 'VIGOLVINO CALISTO DA SILVA NETTO - CPF: 04522405499', 'VIGOLVINO CALISTO DA SILVA NETTO', '04522405499'),
  ('f4494840-3b0c-49a0-a9cf-b2cfbdd60ec4', 'THIAGO CARLOS LIMA', 'THIAGO CARLOS LIMA', NULL),
  ('7b6df873-7b55-43e0-a718-34a2cc6c2654', 'CELSO ARAUJO TENORIO - CPF: 05285015502', 'CELSO ARAUJO TENORIO', '05285015502'),
  ('697fca08-841b-4cd4-8fda-193ef13b02c1', 'JAIRON MAIA FERNANDES NETO - CPF: 07599887490', 'JAIRON MAIA FERNANDES NETO', '07599887490'),
  ('6098d3c0-74a3-4f80-9498-b76aa9075282', 'ERONILDO MACEDO DA SILVA  (JLM RANCH) - CPF: 68728662504', 'ERONILDO MACEDO DA SILVA  (JLM RANCH)', '68728662504'),
  ('bc43aaf0-faa4-4f6a-88ec-165d83689890', 'ANGELO ROBERTO DE LESSA FIGUEIROA - CPF: 04618465433', 'ANGELO ROBERTO DE LESSA FIGUEIROA', '04618465433'),
  ('de74c719-b23e-43da-a487-c26c56924036', 'GERALDO JOSE DE MORAES GUERRA NETO - CPF: 07454348432', 'GERALDO JOSE DE MORAES GUERRA NETO', '07454348432'),
  ('4c7eb815-9862-4396-979d-5c19ec29464b', 'REEMBOLSO', 'REEMBOLSO', NULL),
  ('9131a8fe-fed7-4987-963e-0000aff721f8', 'FRANCO BERTOLANI - CPF: 21296261816', 'FRANCO BERTOLANI', '21296261816'),
  ('9f176233-a5ee-42fd-9978-06f9e80dbf4a', 'LUCINEI NUNES NOGUEIRA JUNIOR - CPF: 35077644829', 'LUCINEI NUNES NOGUEIRA JUNIOR', '35077644829'),
  ('1c74d868-15bf-4a2d-89ed-85201564ab86', 'PERBONI FLS S/A', 'PERBONI FLS S/A', NULL),
  ('a79dc064-4ba0-4169-8989-683dbf6ea02c', 'RAFAEL CORREIA PAOLLELLO', 'RAFAEL CORREIA PAOLLELLO', NULL),
  ('1f5692a1-23dc-43b8-b3b7-81952de55940', 'R. LINS RIOS ( RAFAEL LINS RIOS)-FAZENDA ESPERANCA - CPF: 01894001109', 'R. LINS RIOS ( RAFAEL LINS RIOS)-FAZENDA ESPERANCA', '01894001109'),
  ('d67c3318-e509-463b-87bd-eebe8a5d50f7', 'HEDLEY PORT ( COBRAMOS ASSESSORIA LTDA) - CPF: 04816085912', 'HEDLEY PORT ( COBRAMOS ASSESSORIA LTDA)', '04816085912'),
  ('3b9c8b23-dc9e-4778-b282-b0f5e6dd3dc6', 'CARLOS EDUARDO PEDROSA AURICHIO-PASIN - CNPJ: 09619469000692', 'CARLOS EDUARDO PEDROSA AURICHIO-PASIN', '09619469000692'),
  ('e8c674d7-3552-45f3-91b0-4ebe566c68c8', 'RHF RANCH AGROPECUARIA LTDA - CNPJ: 30879736000142', 'RHF RANCH AGROPECUARIA LTDA', '30879736000142'),
  ('ce6bb46a-21af-4106-a2b0-8e1e6b60b5f0', 'AGROPECUARIA CAMPO LIMPO LTDA', 'AGROPECUARIA CAMPO LIMPO LTDA', NULL),
  ('bc9f398e-9577-43cc-a79d-b387e14bdfc9', 'POVOAS E CORREA  POVOAS LTDA - CNPJ: 04621945000262', 'POVOAS E CORREA  POVOAS LTDA', '04621945000262'),
  ('07d7ca32-f4f6-4b19-a815-1474770bc539', 'RICARDO SONCINI RODRIGUES(NOW COBRANCAS) - CPF: 16772080823', 'RICARDO SONCINI RODRIGUES(NOW COBRANCAS)', '16772080823'),
  ('09155498-e22d-46d4-84d2-b69edbbabb8a', 'ESPACO RURAL COMERCIO E REPRESENTACAO LTDA - CNPJ: 18950829000706', 'ESPACO RURAL COMERCIO E REPRESENTACAO LTDA', '18950829000706'),
  ('7af44b5b-cff1-40c2-8518-5001b5a3949d', 'NOW COBRANCAS (PEDRO HENRIQUE PAVAN)', 'NOW COBRANCAS (PEDRO HENRIQUE PAVAN)', NULL),
  ('499cdeb1-4b36-4e54-8db7-b562455d2f33', 'RANCHO VALE RICO LTDA', 'RANCHO VALE RICO LTDA', NULL),
  ('87da2abb-a41d-4264-9271-b733c01ac8cd', 'CARLOS EDUARDO DA SILVA', 'CARLOS EDUARDO DA SILVA', NULL),
  ('7e418697-616e-4436-bc36-501b9c20d9eb', 'DIONES ROCHA SANTANA', 'DIONES ROCHA SANTANA', NULL),
  ('230e580d-0ca3-475a-bff1-c4405fe02051', 'UNDERVAL AGROPECUARIA LTDA.', 'UNDERVAL AGROPECUARIA LTDA.', NULL),
  ('9cbf9561-39f0-406e-95c6-20975225c507', 'LUCIANO CHAVES GONCALVES - CPF: 51722607491', 'LUCIANO CHAVES GONCALVES', '51722607491'),
  ('2b2e325f-5aac-4ffa-817c-d4eb477227e9', 'CHAGAS E CHAGAS COMPRA E VENDAS DE CAVALOS - CNPJ: 31707569000115', 'CHAGAS E CHAGAS COMPRA E VENDAS DE CAVALOS', '31707569000115'),
  ('25ac4832-7dcc-41c1-ac36-cf53598e7f86', 'GLEYSON SANTOS DE MELLO SILVA (RAIMUNDO SOARES VELOSO SOBRINHO) - CPF: 05177399419', 'GLEYSON SANTOS DE MELLO SILVA (RAIMUNDO SOARES VELOSO SOBRINHO)', '05177399419'),
  ('47d8c9d2-2419-4d1c-a4ae-e3bf56ab6315', 'FAUZET FARHA', 'FAUZET FARHA', NULL),
  ('c3a5dc21-54ce-4b3b-858f-26c9e5eb5489', 'FREDERICO GUILHERME ROCHA BEZERRA', 'FREDERICO GUILHERME ROCHA BEZERRA', NULL),
  ('c5af0eb6-07db-4e7f-9836-09d4e9c85a6f', 'PAULO CESAR REBEIS FARHA', 'PAULO CESAR REBEIS FARHA', NULL),
  ('3e5037d8-0caf-4a64-9566-81e6deb98d72', 'CICERO GEORGE DE BRITO - CPF: 77152352372', 'CICERO GEORGE DE BRITO', '77152352372'),
  ('15dea03f-b7b8-4bd1-804f-e16abaa3da8f', 'JULIO CESAR ARAGAO MORAES', 'JULIO CESAR ARAGAO MORAES', NULL),
  ('1d6bcf25-7a9c-4582-a308-b2f359359ffc', 'FAZENDA NOVA PITOMBEIRA -LAERSON DA SILVA MOURA - CPF: 99922045320', 'FAZENDA NOVA PITOMBEIRA -LAERSON DA SILVA MOURA', '99922045320'),
  ('ffea3e11-86f6-4d1b-9317-fdf16c74de64', 'FATURAR GESTAO FINANCEIRA LTDA-( FPP AGRO NEGOCIOS) CLEO HOLAND SHOWFPP', 'FATURAR GESTAO FINANCEIRA LTDA-( FPP AGRO NEGOCIOS) CLEO HOLAND SHOWFPP', NULL),
  ('6174ec2d-3149-41f7-bd19-e1453a566406', 'HARAS SHOW ( JOSE JONISMAR G DANTAS)', 'HARAS SHOW ( JOSE JONISMAR G DANTAS)', NULL),
  ('b6b73751-9f03-4d34-8ac6-15393edf639c', 'AGROPECUARIA WS LTDA - CNPJ: 50510145000100', 'AGROPECUARIA WS LTDA', '50510145000100'),
  ('5ca54d62-06eb-4259-9ac9-4102450a8137', 'WILSON DE MORAES COUTINHO NETO (HARAS WMC) - CPF: 03892445460', 'WILSON DE MORAES COUTINHO NETO (HARAS WMC)', '03892445460'),
  ('ee13d3ca-1bca-46ac-aa61-1e2108ecc879', 'ALEXANDRE ARAUJO TOMAZ NETTO - CPF: 76118444153', 'ALEXANDRE ARAUJO TOMAZ NETTO', '76118444153'),
  ('fc4d297d-3231-48bd-b2e5-8554b150bee3', 'MG COMERCIO E SERVIÇOS - WILLIAM VALERIO BORGES (CAVALO LINDA GUNNER) - CNPJ: 15111975000164', 'MG COMERCIO E SERVIÇOS - WILLIAM VALERIO BORGES (CAVALO LINDA GUNNER)', '15111975000164'),
  ('b64e8f6e-fcf8-4863-a3fb-3855a3ab01d4', 'AGROPECUARIA ALEGRIA LTDA - CNPJ: 54546378000114', 'AGROPECUARIA ALEGRIA LTDA', '54546378000114'),
  ('42bcb2c6-1eb4-47c3-a852-b8a0afde452c', 'EDMILSON JAPIASSU SANTOS - CPF: 08378978400', 'EDMILSON JAPIASSU SANTOS', '08378978400'),
  ('958b9a11-3182-4847-90ab-ff1eba8c1388', 'HARAS AD E JRM', 'HARAS AD E JRM', NULL),
  ('6e1f99f5-9ee8-48e6-aa8a-2b0e23a5e794', 'MARCIANO MACHADO DE ANDRADE JUNIOR - CPF: 02247606539', 'MARCIANO MACHADO DE ANDRADE JUNIOR', '02247606539'),
  ('9e295d21-4d91-4d4b-acec-4d313dc94b5a', 'SWISS RE CORPORATE SOLUTIONS BRASIL SEGURO S/A', 'SWISS RE CORPORATE SOLUTIONS BRASIL SEGURO S/A', NULL),
  ('15dced52-b9f5-4d41-8024-f2b52b72d645', 'VICENTE MORENO PEREIRA SILVA', 'VICENTE MORENO PEREIRA SILVA', NULL),
  ('7a8b9744-b9a2-471b-a644-506b4995081d', 'RANCHO FELIX CRIACAO DE EQUINO - GUILHERME SANDOVAL G. MARINI - CNPJ: 40064044000108', 'RANCHO FELIX CRIACAO DE EQUINO - GUILHERME SANDOVAL G. MARINI', '40064044000108'),
  ('e15f39e9-1d83-4248-917b-ce8043d99f93', 'DANIEL DE PAULA MARTINS BERGAMINI - CPF: 26648324848', 'DANIEL DE PAULA MARTINS BERGAMINI', '26648324848'),
  ('358575e6-159b-45b3-b9d0-328601888f65', 'JOAO CARLOS TEIXEIRA BERTATO', 'JOAO CARLOS TEIXEIRA BERTATO', NULL),
  ('55bbdfe3-1193-48e8-9601-8483b98292ab', 'JOSE PAULO PEREIRA VALLONE - PHILLIP TOZI PEREIRA VALLONE - CNPJ: 08256589000103', 'JOSE PAULO PEREIRA VALLONE - PHILLIP TOZI PEREIRA VALLONE', '08256589000103'),
  ('3f76638a-1f71-4649-8cc1-a277b94ea2be', 'LF EMPREENDIMENTOS AGROPECUARIOS(NOW COBRANCAS) - CNPJ: 28557760000113', 'LF EMPREENDIMENTOS AGROPECUARIOS(NOW COBRANCAS)', '28557760000113'),
  ('9d0716c9-d4fd-4c11-a7ba-b55bebddbd0f', 'LUIZ ROBERTO FONTES PACCES - CPF: 12833186878', 'LUIZ ROBERTO FONTES PACCES', '12833186878'),
  ('4aad92f8-2ea8-4450-8f17-f13adb9a480b', 'MARCUS VINICIUS OREFICE - CPF: 05802340886', 'MARCUS VINICIUS OREFICE', '05802340886'),
  ('722fb267-9097-41a4-8a1f-05ca7b974603', 'NOW COBRANCA-ADRIANO VIEIRA PEREIRA', 'NOW COBRANCA-ADRIANO VIEIRA PEREIRA', NULL),
  ('8f52c801-680d-48d1-8dee-98a43a3fc92c', 'NOW COBRANCAS - PAULO EDUARDO GARCIA - CPF: 03072020892', 'NOW COBRANCAS - PAULO EDUARDO GARCIA', '03072020892'),
  ('68df5c74-5b35-440a-ae35-90040da5f8f2', 'SANTHYAGO LEILOES LTDA - CNPJ: 42708251000175', 'SANTHYAGO LEILOES LTDA', '42708251000175'),
  ('a276d078-057b-4eab-900b-fd13ec982ff4', 'GENETICA ADITIVA AGROPECUARIA LTDA', 'GENETICA ADITIVA AGROPECUARIA LTDA', NULL),
  ('e8891cec-798b-4f12-ae65-deb63e73696e', 'JOSE JONISMAR GONCALVES DANTAS - CPF: 23780070430', 'JOSE JONISMAR GONCALVES DANTAS', '23780070430');

-- Inserir lançamentos financeiros
INSERT INTO lancamentos (id, animal_nome, animal_id, fornecedor_nome, fornecedor_id, documento, historico, situacao, valor, na_listagem) VALUES
  ('e455b8d4-99df-4588-88aa-4944cd789db6', 'BUENA STARNITE', '974f170c-2205-460b-8f4d-28cab487c633', 'NOW COBRANCAS (LINCOLN MALHEIRO JUNQUEIRA FIGUEIREDO) - CPF: 21266911871', '6fb4d18c-dea2-46d8-bd40-d5145785d11a', '001065 - COB CH TIME', 'COBERTURA CH TIME TO SHINE - LOTE 100C - 3º LEILÃO HARAS FRANGE', 'PAGO', 14000.0, true),
  ('047e8b25-6c21-422c-9f8b-27822c5a6e48', 'BUENA STARNITE', '974f170c-2205-460b-8f4d-28cab487c633', 'NOW COBRANCAS (LINCOLN MALHEIRO JUNQUEIRA FIGUEIREDO) - CPF: 21266911871', '6fb4d18c-dea2-46d8-bd40-d5145785d11a', '001065 - COB CH TIME', 'COBERTURA CH TIME TO SHINE - LOTE 100C - 3º LEILÃO HARAS FRANGE', 'VENCIDO', 34000.0, true),
  ('91fdf3be-b76d-4f07-9966-f209a21c45af', 'BUENA STARNITE', '974f170c-2205-460b-8f4d-28cab487c633', 'NOW COBRANCAS (LINCOLN MALHEIRO JUNQUEIRA FIGUEIREDO) - CPF: 21266911871', '6fb4d18c-dea2-46d8-bd40-d5145785d11a', '001065 - COB CH TIME', 'COBERTURA CH TIME TO SHINE - LOTE 100C - 3º LEILÃO HARAS FRANGE', 'A_VENCER', 2000.0, true),
  ('ece6962d-cbaa-45ee-9a65-c6f8d27395d9', 'MY CHICS GOT GUNS', '6c38b527-157f-4643-9c25-c94f4296f3e2', 'JBJ AGROPECUARIA LTDA (FAZENDA MODELO) - CNPJ: 15689716002320', 'c8b99c32-6669-4361-8ca7-191efde68c56', '004006', '50% MY CHICS GOT GUNS - LOTE 30 - 3º LEILÃO JBJ RANCH E AMIGOS', 'PAGO', 313500.0, true),
  ('12970133-8e68-4310-9ce9-cee26cf0885e', 'MY CHICS GOT GUNS', '6c38b527-157f-4643-9c25-c94f4296f3e2', 'JBJ AGROPECUARIA LTDA (FAZENDA MODELO) - CNPJ: 15689716002320', 'c8b99c32-6669-4361-8ca7-191efde68c56', '004006', '50% MY CHICS GOT GUNS - LOTE 30 - 3º LEILÃO JBJ RANCH E AMIGOS', 'DISTRATOS', 346500.0, true),
  ('b391690c-3293-4cc1-8ae1-ef81b4448312', 'AQHA', NULL, 'JACQUES RODRIGUES JUNIOR (AGROPECUARIA RETIRO VELHO) - CPF: 00186436637', '800602fb-f31f-47f2-b9d2-4d94ed56a6aa', '004155-AQHA', 'LOTE LE2 - 14º LEILÃO QUARTER HORSE IN FAMILY', 'PAGO', 20800.0, false),
  ('6e620c62-09ae-4a41-ba17-0adbcca1031c', 'AQHA', NULL, 'JACQUES RODRIGUES JUNIOR (AGROPECUARIA RETIRO VELHO) - CPF: 00186436637', '800602fb-f31f-47f2-b9d2-4d94ed56a6aa', '004155-AQHA', 'LOTE LE2 - 14º LEILÃO QUARTER HORSE IN FAMILY', 'VENCIDO', 98800.0, false),
  ('fb218f8f-470d-415b-ba2a-c3878894e52c', 'AQHA', NULL, 'JACQUES RODRIGUES JUNIOR (AGROPECUARIA RETIRO VELHO) - CPF: 00186436637', '800602fb-f31f-47f2-b9d2-4d94ed56a6aa', '004155-AQHA', 'LOTE LE2 - 14º LEILÃO QUARTER HORSE IN FAMILY', 'A_VENCER', 88400.0, false),
  ('b13c6621-4367-4b98-8264-8ee1ba093ce1', 'SOOKIE', '8443add5-d4e6-46ac-ad22-08d48df4448b', 'ANTONIO FRANGE JUNIOR', 'b6d2c560-1a88-4f83-bef0-1c4870527e2b', '009009-SOOKIE', 'Ref. Doc 009009-SOOKIE, Parcela 10, Vencimento 08/05/2025', 'PAGO', 10000.0, true),
  ('823a7208-7ea6-40ce-837b-6b5e2724f527', 'SOOKIE', '8443add5-d4e6-46ac-ad22-08d48df4448b', 'MARCUS VINICIUS CORREA FERRARI - CPF: 01209581043', '1dcb3b0b-38d1-4950-a330-a9458dfe44e3', '010009 - SOOKIE', '33% SOOKIE - LOTE 15 - 3º LEILÃO JBJ RANCH E AMIGOS', 'PAGO', 400000.0, true),
  ('dbbda8d4-4ec5-4c93-993f-81e7e6237320', 'SOOKIE', '8443add5-d4e6-46ac-ad22-08d48df4448b', 'MARCUS VINICIUS CORREA FERRARI - CPF: 01209581043', '1dcb3b0b-38d1-4950-a330-a9458dfe44e3', '010009 - SOOKIE', '33% SOOKIE - LOTE 15 - 3º LEILÃO JBJ RANCH E AMIGOS', 'VENCIDO', 225000.0, true),
  ('6635c3c5-8365-48eb-80c3-52a1f8a5e793', 'SOOKIE', '8443add5-d4e6-46ac-ad22-08d48df4448b', 'MARCUS VINICIUS CORREA FERRARI - CPF: 01209581043', '1dcb3b0b-38d1-4950-a330-a9458dfe44e3', '010009 - SOOKIE', '33% SOOKIE - LOTE 15 - 3º LEILÃO JBJ RANCH E AMIGOS', 'A_VENCER', 375000.0, true),
  ('45975b7f-205c-416b-96f7-15544d9a6395', 'EBONYS SMART', '90ca141c-1f6d-4c95-8241-8c562d3b3d21', 'JEFFERSON BUTTI ABBUD E OUTROS - CNPJ: 08243680000186', '64451f70-4e7b-4944-af37-e79be95cde8e', '015020-EBONYS', '50% EBONYS SMART - LOTE 43 - 3º LEILÃO JBJ RANCH E AMIGOS', 'PAGO', 520000.0, true),
  ('252a8b8f-ef20-49be-8c0d-191fce474d65', 'EBONYS SMART', '90ca141c-1f6d-4c95-8241-8c562d3b3d21', 'JEFFERSON BUTTI ABBUD E OUTROS - CNPJ: 08243680000186', '64451f70-4e7b-4944-af37-e79be95cde8e', '015020-EBONYS', '50% EBONYS SMART - LOTE 43 - 3º LEILÃO JBJ RANCH E AMIGOS', 'VENCIDO', 234000.0, true),
  ('b31c7835-aff3-4a69-afc0-7be30f530f32', 'EBONYS SMART', '90ca141c-1f6d-4c95-8241-8c562d3b3d21', 'JEFFERSON BUTTI ABBUD E OUTROS - CNPJ: 08243680000186', '64451f70-4e7b-4944-af37-e79be95cde8e', '015020-EBONYS', '50% EBONYS SMART - LOTE 43 - 3º LEILÃO JBJ RANCH E AMIGOS', 'A_VENCER', 286000.0, true),
  ('cf36acf9-dcc1-4f1c-88dd-95bd1583b54f', 'ELETRIC BRIM STAR', '2aebd979-ac78-4d9a-867d-91a9b7bfb67b', 'GILMAR MANDOTTI GARCIA - CPF: 26787703899', '9d1a24b6-d3f8-402f-a186-7bb9ffeb320d', '021010-ELETRIC', 'LOTE 03 - 2º LEILÃO HARAS J GARCIA E RANCHO BOISA', 'PAGO', 112000.0, true),
  ('1e8cab0d-873c-45c1-b761-3eb90e173c41', 'ELETRIC BRIM STAR', '2aebd979-ac78-4d9a-867d-91a9b7bfb67b', 'GILMAR MANDOTTI GARCIA - CPF: 26787703899', '9d1a24b6-d3f8-402f-a186-7bb9ffeb320d', '021010-ELETRIC', 'LOTE 03 - 2º LEILÃO HARAS J GARCIA E RANCHO BOISA', 'DISTRATOS', 448000.0, true),
  ('99a3f896-25bb-4cb8-a919-36a5b8c2df29', 'DUN IT TO TRASH', '22f3e60b-9e62-4c32-a964-a47751ae7886', 'MARCUS VINICIUS CORREA FERRARI - CPF: 01209581043', '1dcb3b0b-38d1-4950-a330-a9458dfe44e3', '025048-DUN IT TO T', '50% DUN IT TO TRASH - LOTE 52 - 3º LEILÃO JBJ RANCH E AMIGOS', 'PAGO', 250000.0, true),
  ('9e9413c5-a919-4994-9ee6-46e783b78a16', 'DUN IT TO TRASH', '22f3e60b-9e62-4c32-a964-a47751ae7886', 'MARCUS VINICIUS CORREA FERRARI - CPF: 01209581043', '1dcb3b0b-38d1-4950-a330-a9458dfe44e3', '025048-DUN IT TO T', '50% DUN IT TO TRASH - LOTE 52 - 3º LEILÃO JBJ RANCH E AMIGOS', 'VENCIDO', 112500.0, true),
  ('058ccb80-9ef1-464e-8f07-58aba00fa74a', 'DUN IT TO TRASH', '22f3e60b-9e62-4c32-a964-a47751ae7886', 'MARCUS VINICIUS CORREA FERRARI - CPF: 01209581043', '1dcb3b0b-38d1-4950-a330-a9458dfe44e3', '025048-DUN IT TO T', '50% DUN IT TO TRASH - LOTE 52 - 3º LEILÃO JBJ RANCH E AMIGOS', 'A_VENCER', 137500.0, true),
  ('15d318af-41e9-4164-b5a4-5b267f6a99c3', 'VENDA COBERTURA DO GARANHAO LATE NIGHT STOPPER - LT 100J', NULL, 'HARAS REVOLLUTION LTDA EPP - CNPJ: 52990125000100', '607f9147-13bc-433b-8532-0545a4abf7ec', '031056', 'VENDA COBERTURA DO GARANHAO LATE NIGHT STOPPER - LT 100J', 'PAGO', 4000.0, false),
  ('d94f8152-402e-46d8-b0e3-4c425693fb7e', 'VENDA COBERTURA DO GARANHAO LATE NIGHT STOPPER - LT 100J', NULL, 'HARAS REVOLLUTION LTDA EPP - CNPJ: 52990125000100', '607f9147-13bc-433b-8532-0545a4abf7ec', '031056', 'VENDA COBERTURA DO GARANHAO LATE NIGHT STOPPER - LT 100J', 'VENCIDO', 38000.0, false),
  ('f3020262-4052-43d9-a738-9820aaa174cd', 'VENDA COBERTURA DO GARANHAO LATE NIGHT STOPPER - LT 100J', NULL, 'HARAS REVOLLUTION LTDA EPP - CNPJ: 52990125000100', '607f9147-13bc-433b-8532-0545a4abf7ec', '031056', 'VENDA COBERTURA DO GARANHAO LATE NIGHT STOPPER - LT 100J', 'A_VENCER', 18000.0, false),
  ('e6b7098f-b67b-4996-83ff-8f969de1b49c', 'METAL BLOND GIRL', '69ae00d8-a3ee-4f6c-b908-c74d976933be', 'JBJ AGROPECUARIA LTDA (FAZENDA MODELO) - CNPJ: 15689716002320', 'c8b99c32-6669-4361-8ca7-191efde68c56', '041046-METAL BLOND', 'METAL BLONDE GIRL - LOTE 65 - 3º LEILÃO JBJ RANCH E AMIGOS', 'PAGO', 70300.0, true),
  ('f6a28e02-fdcc-49cc-9922-36aeea5c6141', 'METAL BLOND GIRL', '69ae00d8-a3ee-4f6c-b908-c74d976933be', 'JBJ AGROPECUARIA LTDA (FAZENDA MODELO) - CNPJ: 15689716002320', 'c8b99c32-6669-4361-8ca7-191efde68c56', '041046-METAL BLOND', 'METAL BLONDE GIRL - LOTE 65 - 3º LEILÃO JBJ RANCH E AMIGOS', 'DISTRATOS', 77700.0, true),
  ('c5d70488-65eb-467e-8ac5-c6bc58b0cfa0', 'SEM REGISTRO - BRUNO ARAUJO - 42084', 'b6dab1ad-2d9c-4cf6-abac-d2c315218a6f', 'BRUNO ARAUJO CONRADO - CPF: 08303776975', '0aeea602-f469-4495-acef-a81b23f04750', '042084-SEM REGISTRO', 'LOTE 38 - 14º LEILÃO QUARTER HORSE IN FAMILY', 'PAGO', 16000.0, true),
  ('7c7a8d74-397d-46ad-a6f8-a461385ba05b', 'SEM REGISTRO - BRUNO ARAUJO - 42084', 'b6dab1ad-2d9c-4cf6-abac-d2c315218a6f', 'BRUNO ARAUJO CONRADO - CPF: 08303776975', '0aeea602-f469-4495-acef-a81b23f04750', '042084-SEM REGISTRO', 'LOTE 38 - 14º LEILÃO QUARTER HORSE IN FAMILY', 'VENCIDO', 76000.0, true),
  ('345e87a3-6d66-48d7-818f-139ba98ebea3', 'SEM REGISTRO - BRUNO ARAUJO - 42084', 'b6dab1ad-2d9c-4cf6-abac-d2c315218a6f', 'BRUNO ARAUJO CONRADO - CPF: 08303776975', '0aeea602-f469-4495-acef-a81b23f04750', '042084-SEM REGISTRO', 'LOTE 38 - 14º LEILÃO QUARTER HORSE IN FAMILY', 'A_VENCER', 68000.0, true),
  ('eef97318-72e7-4688-ad63-002d19cd3afc', 'SEM REGISTRO - 043084', 'ab8298ab-40c5-42fd-b3ac-0343eb4a97f6', 'NOW COBRANCAS (LINCOLN MALHEIRO JUNQUEIRA FIGUEIREDO) - CPF: 21266911871', '6fb4d18c-dea2-46d8-bd40-d5145785d11a', '043084-SEM REGISTRO', 'LOTE 38 - 14º LEILÃO QUARTER HORSE IN FAMILY', 'PAGO', 20000.0, true),
  ('37da51a8-3fcf-4875-8e39-e748cfb66b4a', 'SEM REGISTRO - 043084', 'ab8298ab-40c5-42fd-b3ac-0343eb4a97f6', 'NOW COBRANCAS (LINCOLN MALHEIRO JUNQUEIRA FIGUEIREDO) - CPF: 21266911871', '6fb4d18c-dea2-46d8-bd40-d5145785d11a', '043084-SEM REGISTRO', 'LOTE 38 - 14º LEILÃO QUARTER HORSE IN FAMILY', 'VENCIDO', 72000.0, true),
  ('5a08c340-ac6f-443d-bd6b-24a95fb646b9', 'SEM REGISTRO - 043084', 'ab8298ab-40c5-42fd-b3ac-0343eb4a97f6', 'NOW COBRANCAS (LINCOLN MALHEIRO JUNQUEIRA FIGUEIREDO) - CPF: 21266911871', '6fb4d18c-dea2-46d8-bd40-d5145785d11a', '043084-SEM REGISTRO', 'LOTE 38 - 14º LEILÃO QUARTER HORSE IN FAMILY', 'A_VENCER', 68000.0, true),
  ('30fe1d21-69ec-47bb-8364-d961c7a302aa', 'MULA', NULL, 'HOSPITAL DO CANCER DE BARRETOS - CNPJ: 49150352000201', 'd66d5ff6-0863-469f-b297-63e5a43f6c2d', '065005', 'MULA - LOTE LD - 3º LEILÃO JBJ RANCH E AMIGOS', 'PAGO', 350000.0, false),
  ('076630ec-ee45-4ef6-8c52-864ff21061eb', 'DUNIT DEJA', '0e1aef42-a16a-4e57-98e8-c2455bc861b8', 'GILMAR MANDOTTI GARCIA - CPF: 26787703899', '9d1a24b6-d3f8-402f-a186-7bb9ffeb320d', '100075-SHINING ZANS', 'LOTE 100C - 2º LEILÃO HARAS J GARCIA E RANCHO BOISA', 'PAGO', 3200.0, true),
  ('8e05358f-8742-475d-8074-702c563f5f30', 'VENTRE B2B NOA', NULL, 'ANA LAURA SAVINI GOMES - CPF: 48416186863', 'e1c6a0e6-8a87-414d-ba79-14d634725ff4', '1001-VENTRE B2B NOA', 'LOTE LD - 1º LEILÃO LET’S GO GIRLS', 'PAGO', 4000.0, false),
  ('6c360b56-1542-4fe2-ab64-da7afe47984e', 'VENTRE B2B NOA', NULL, 'ANA LAURA SAVINI GOMES - CPF: 48416186863', 'e1c6a0e6-8a87-414d-ba79-14d634725ff4', '1001-VENTRE B2B NOA', 'LOTE LD - 1º LEILÃO LET’S GO GIRLS', 'VENCIDO', 38000.0, false),
  ('f0714e41-f97c-42f2-8b7a-cc5054e1c8e3', 'VENTRE B2B NOA', NULL, 'ANA LAURA SAVINI GOMES - CPF: 48416186863', 'e1c6a0e6-8a87-414d-ba79-14d634725ff4', '1001-VENTRE B2B NOA', 'LOTE LD - 1º LEILÃO LET’S GO GIRLS', 'A_VENCER', 38000.0, false),
  ('691ef37e-8613-45eb-a811-0da934e4ce46', 'MOONLIGHT', 'd6647ed5-da16-4721-8040-2ead8527629d', 'GUILHERME MONTEIRO DE MELLO - CPF: 04260043889', '64c9cc1a-c54b-48ca-ab12-756a49b04caf', '1034-MOONLIGHT', 'MOONLIGHT CHEX SKY - LOTE 14 - SPECIAL SALE SANTANA´S RANCH 2024', 'PAGO', 12000.0, true),
  ('00e790d0-2014-4f20-b6ca-e889afe2ce0b', 'MOONLIGHT', 'd6647ed5-da16-4721-8040-2ead8527629d', 'GUILHERME MONTEIRO DE MELLO - CPF: 04260043889', '64c9cc1a-c54b-48ca-ab12-756a49b04caf', '1034-MOONLIGHT', 'MOONLIGHT CHEX SKY - LOTE 14 - SPECIAL SALE SANTANA´S RANCH 2024', 'VENCIDO', 54000.0, true),
  ('7739562d-f9ee-41f5-8dd4-6d6bda4763cf', 'MOONLIGHT', 'd6647ed5-da16-4721-8040-2ead8527629d', 'GUILHERME MONTEIRO DE MELLO - CPF: 04260043889', '64c9cc1a-c54b-48ca-ab12-756a49b04caf', '1034-MOONLIGHT', 'MOONLIGHT CHEX SKY - LOTE 14 - SPECIAL SALE SANTANA´S RANCH 2024', 'A_VENCER', 51000.0, true),
  ('d3ab3a89-c76e-498b-9969-5f690a2df391', 'PRETY WHIZ ICE GUN', '64acd22f-8dc2-4209-90cc-fe31d23f767a', 'ANDRE TRIPOLONI - CPF: 00427648904', '701c62ca-d0a3-476b-94ea-ca89687fb5cc', '104157-PRETTYWHIZ', 'LOTE 66 - 14º LEILÃO QUARTER HORSE IN FAMILY', 'PAGO', 42900.0, true),
  ('bcd9c1ea-7136-481b-b270-967f6f7fd85e', 'PRETY WHIZ ICE GUN', '64acd22f-8dc2-4209-90cc-fe31d23f767a', 'ANDRE TRIPOLONI - CPF: 00427648904', '701c62ca-d0a3-476b-94ea-ca89687fb5cc', '104157-PRETTYWHIZ', 'LOTE 66 - 14º LEILÃO QUARTER HORSE IN FAMILY', 'DISTRATOS', 113100.0, true),
  ('a35064f9-7d29-4fa9-9ed9-536ab8eef60a', 'LATE', NULL, 'HARAS REVOLLUTION LTDA EPP - CNPJ: 52990125000100', '607f9147-13bc-433b-8532-0545a4abf7ec', '105173-COB LATE', 'LOTE 200CA - 14º LEILÃO QUARTER HORSE IN FAMILY', 'PAGO', 4000.0, false),
  ('e493c7fd-e9d4-4f70-84ab-e610277d158b', 'LATE', NULL, 'HARAS REVOLLUTION LTDA EPP - CNPJ: 52990125000100', '607f9147-13bc-433b-8532-0545a4abf7ec', '105173-COB LATE', 'LOTE 200CA - 14º LEILÃO QUARTER HORSE IN FAMILY', 'VENCIDO', 11000.0, false),
  ('06d444b9-1113-40af-8803-3931d94dcf08', 'SHINING C', NULL, 'HAROLDO ANDRE BIROLIM - CPF: 27600691841', 'd41fd3c3-c9b7-412c-8afe-a05c9415f8df', '1079-COB SHINING C', 'LOTE 100A - 14º LEILÃO QUARTER HORSE IN FAMILY', 'PAGO', 1000.0, false),
  ('97d2442c-889f-421b-8747-e8c466d34788', 'SHINING C', NULL, 'HAROLDO ANDRE BIROLIM - CPF: 27600691841', 'd41fd3c3-c9b7-412c-8afe-a05c9415f8df', '1079-COB SHINING C', 'LOTE 100A - 14º LEILÃO QUARTER HORSE IN FAMILY', 'VENCIDO', 1500.0, false),
  ('1c2a5863-db70-4550-808f-05b67f680dcf', 'MY PRINCESS', '92f15bdc-dcd6-4c78-b85f-a7ca973d18bc', 'RICARDO MARQUES MENDES - CPF: 32376575818', 'c8e1ab28-a51b-4463-8ed1-fadbdafda832', '19037-MY PRINCESS', 'LOTE 24 - 7º LEILÃO HARAS SÃO FRANCISCO E CONVIDADOS', 'PAGO', 7500.0, true),
  ('2ddfe73a-9a72-4b1f-bdf5-15b1d4bfae75', 'MY PRINCESS', '92f15bdc-dcd6-4c78-b85f-a7ca973d18bc', 'RICARDO MARQUES MENDES - CPF: 32376575818', 'c8e1ab28-a51b-4463-8ed1-fadbdafda832', '19037-MY PRINCESS', 'LOTE 24 - 7º LEILÃO HARAS SÃO FRANCISCO E CONVIDADOS', 'VENCIDO', 28500.0, true),
  ('35be5c96-096e-483d-9ffc-627a03cc494f', 'MY PRINCESS', '92f15bdc-dcd6-4c78-b85f-a7ca973d18bc', 'RICARDO MARQUES MENDES - CPF: 32376575818', 'c8e1ab28-a51b-4463-8ed1-fadbdafda832', '19037-MY PRINCESS', 'LOTE 24 - 7º LEILÃO HARAS SÃO FRANCISCO E CONVIDADOS', 'A_VENCER', 24000.0, true),
  ('97571082-299e-421d-bfaa-ec7440dd7334', 'SHINING C', NULL, 'PAULO AFONSO LEITE - CPF: 00026258811', 'd5038b4c-ed29-411e-b039-91be9435ad8f', '2079-COB SHINING C', 'LOTE 100A - 14º LEILÃO QUARTER HORSE GARANHÃO SHINING CHICS', 'PAGO', 1000.0, false),
  ('6b73a855-a9f4-4281-a609-c758ef52ab4f', 'SHINING C', NULL, 'PAULO AFONSO LEITE - CPF: 00026258811', 'd5038b4c-ed29-411e-b039-91be9435ad8f', '2079-COB SHINING C', 'LOTE 100A - 14º LEILÃO QUARTER HORSE GARANHÃO SHINING CHICS', 'VENCIDO', 1500.0, false),
  ('69caf835-baf9-43b8-be82-34079f415dc0', 'MYDIAMONDS', '3a437403-9d0b-490d-89e5-46168d1c2392', 'LUCINEI NUNES NOGUEIRA JUNIOR - CPF: 35077644829', '9f176233-a5ee-42fd-9978-06f9e80dbf4a', '25% MYDIAMONDS', 'LEILÃO MONTE SIÃO 02/12/24 -25 % EGUA-  MYDIAMONDS R EPECIAL', 'VENCIDO', 1575000.0, true),
  ('3714577d-0673-4cab-b181-ddf2851cf2c6', 'MYDIAMONDS', '3a437403-9d0b-490d-89e5-46168d1c2392', 'LUCINEI NUNES NOGUEIRA JUNIOR - CPF: 35077644829', '9f176233-a5ee-42fd-9978-06f9e80dbf4a', '25% MYDIAMONDS', 'LEILÃO MONTE SIÃO 02/12/24 -25 % EGUA-  MYDIAMONDS R EPECIAL', 'A_VENCER', 2175000.0, true),
  ('55501a00-9acc-40f5-92a9-aaed64a4431f', 'DUN IT TO TRASH', '22f3e60b-9e62-4c32-a964-a47751ae7886', 'VALTOIR FERREIRA DA SILVA LTDA - CNPJ: 20429609000279', '25c6c2bf-3fa1-4030-8ebc-8a61daa65b30', '26048-DUN IT TO', '50% DUN IT TO TRASH - LOTE 52 - 3º LEILÃO JBJ RANCH E AMIGOS', 'PAGO', 275000.0, true),
  ('2e3c25ac-fd73-4195-af44-daaa0de56640', 'DUN IT TO TRASH', '22f3e60b-9e62-4c32-a964-a47751ae7886', 'VALTOIR FERREIRA DA SILVA LTDA - CNPJ: 20429609000279', '25c6c2bf-3fa1-4030-8ebc-8a61daa65b30', '26048-DUN IT TO', '50% DUN IT TO TRASH - LOTE 52 - 3º LEILÃO JBJ RANCH E AMIGOS', 'VENCIDO', 87500.0, true),
  ('d55053c1-672e-4376-aa9c-db23b12fff4b', 'DUN IT TO TRASH', '22f3e60b-9e62-4c32-a964-a47751ae7886', 'VALTOIR FERREIRA DA SILVA LTDA - CNPJ: 20429609000279', '25c6c2bf-3fa1-4030-8ebc-8a61daa65b30', '26048-DUN IT TO', '50% DUN IT TO TRASH - LOTE 52 - 3º LEILÃO JBJ RANCH E AMIGOS', 'A_VENCER', 137500.0, true),
  ('5936f868-64f4-4478-a440-13af55fd7c84', 'PRETY WHIZ ICE GUN', '64acd22f-8dc2-4209-90cc-fe31d23f767a', 'FERNANDO CERVELATI BOTTEON - CPF: 16758254836', 'f05cb8ae-13f5-4bc8-937d-6467b3051d92', '3157-PRETTYWHIZ', 'LOTE 66 - 14º LEILÃO QUARTER HORSE IN FAMILY 50%- PRETTYWHIZ ICE GUN', 'PAGO', 39000.0, true),
  ('fcd556da-be02-4730-a0ed-e4870d04b951', 'PRETY WHIZ ICE GUN', '64acd22f-8dc2-4209-90cc-fe31d23f767a', 'FERNANDO CERVELATI BOTTEON - CPF: 16758254836', 'f05cb8ae-13f5-4bc8-937d-6467b3051d92', '3157-PRETTYWHIZ', 'LOTE 66 - 14º LEILÃO QUARTER HORSE IN FAMILY 50%- PRETTYWHIZ ICE GUN', 'DISTRATOS', 117000.0, true),
  ('f44279c3-c904-46ff-83c8-3249a3899dfc', 'A VINTAGE WANDA', 'ddabbe40-d1ee-474c-a081-0b4d0370fec2', 'JOAO AVELINO LEAL - CPF: 46134549134', 'e8fed82b-32e6-4689-8001-9d3f9b94bf92', '42047- A VINTAGE', 'A VINTAGE WANDA - LOTE 67 - 3º LEILÃO JBJ RANCH E AMIGOS', 'PAGO', 118300.0, true),
  ('a487846e-7914-4583-bb07-b70cfe79803f', 'DASH TA FA', NULL, 'DTF BRAZIL SPE LTDA - CNPJ: 51255519000151', '8d3362d0-f4ae-444f-84df-6ffae13c31c3', '42049-COB DASH TA FA', 'LOTE 100U - 2ª LIVE DASH TA FAME', 'PAGO', 15000.0, false),
  ('4af26265-f456-4b1f-89f5-e73233cf8d88', 'DASH TA FA', NULL, 'DTF BRAZIL SPE LTDA - CNPJ: 51255519000151', '8d3362d0-f4ae-444f-84df-6ffae13c31c3', '42049-COB DASH TA FA', 'LOTE 100U - 2ª LIVE DASH TA FAME', 'VENCIDO', 95000.0, false),
  ('d5ab8b6d-cb25-48b4-b5c6-3edf304056c8', 'DASH TA FA', NULL, 'DTF BRAZIL SPE LTDA - CNPJ: 51255519000151', '8d3362d0-f4ae-444f-84df-6ffae13c31c3', '42049-COB DASH TA FA', 'LOTE 100U - 2ª LIVE DASH TA FAME', 'A_VENCER', 15000.0, false),
  ('c2c151d1-6754-4ba4-b1fa-3ce3a53bc346', '50% DASH', NULL, 'DTF BRAZIL SPE LTDA - CNPJ: 51255519000151', '8d3362d0-f4ae-444f-84df-6ffae13c31c3', '43051-COB 50% DASH', 'LOTE 100V - 2ª LIVE DASH TA FAME', 'PAGO', 7500.0, false),
  ('ae731284-7d96-427f-8cd1-0c2fc471ee08', '50% DASH', NULL, 'DTF BRAZIL SPE LTDA - CNPJ: 51255519000151', '8d3362d0-f4ae-444f-84df-6ffae13c31c3', '43051-COB 50% DASH', 'LOTE 100V - 2ª LIVE DASH TA FAME', 'VENCIDO', 47500.0, false),
  ('6994b815-9071-4121-99db-9909bc74b4e4', '50% DASH', NULL, 'DTF BRAZIL SPE LTDA - CNPJ: 51255519000151', '8d3362d0-f4ae-444f-84df-6ffae13c31c3', '43051-COB 50% DASH', 'LOTE 100V - 2ª LIVE DASH TA FAME', 'A_VENCER', 7500.0, false),
  ('0bc10b76-39ff-4f3c-8fee-7e77d3528177', 'DANDARA TORO', '158ab363-6096-4b97-b3cc-5333778a721b', 'RICARDO MARQUES MENDES - CPF: 32376575818', 'c8e1ab28-a51b-4463-8ed1-fadbdafda832', '6036-DANDARA', 'LOTE 12 - DANDARA - 7º LEILÃO HARAS SÃO FRANCISCO E CONVIDADOS', 'PAGO', 10500.0, true),
  ('54ea3b8f-cc51-4b22-93b4-eaf4fcc8183f', 'DANDARA TORO', '158ab363-6096-4b97-b3cc-5333778a721b', 'RICARDO MARQUES MENDES - CPF: 32376575818', 'c8e1ab28-a51b-4463-8ed1-fadbdafda832', '6036-DANDARA', 'LOTE 12 - DANDARA - 7º LEILÃO HARAS SÃO FRANCISCO E CONVIDADOS', 'VENCIDO', 39900.0, true),
  ('44408e52-131a-486e-ad95-61dfaafefa54', 'DANDARA TORO', '158ab363-6096-4b97-b3cc-5333778a721b', 'RICARDO MARQUES MENDES - CPF: 32376575818', 'c8e1ab28-a51b-4463-8ed1-fadbdafda832', '6036-DANDARA', 'LOTE 12 - DANDARA - 7º LEILÃO HARAS SÃO FRANCISCO E CONVIDADOS', 'A_VENCER', 33600.0, true),
  ('e0bdc244-fc27-4c69-aad0-d42bef836701', 'LADY GUNNE AGAIN', '3e3a4ead-abab-41d9-81f3-cbab60861efa', 'JBJ AGROPECUARIA LTDA (FAZENDA MODELO) - CNPJ: 15689716002320', 'c8b99c32-6669-4361-8ca7-191efde68c56', '61067-LADY GUNNER', 'LADY GUNNER AGAIN - LOTE 82 - 3º LEILÃO JBJ RANCH E AMIGOS', 'PAGO', 570000.0, true),
  ('618864d6-6163-40bb-baae-8f099083e1fd', 'LADY GUNNE AGAIN', '3e3a4ead-abab-41d9-81f3-cbab60861efa', 'JBJ AGROPECUARIA LTDA (FAZENDA MODELO) - CNPJ: 15689716002320', 'c8b99c32-6669-4361-8ca7-191efde68c56', '61067-LADY GUNNER', 'LADY GUNNER AGAIN - LOTE 82 - 3º LEILÃO JBJ RANCH E AMIGOS', 'DISTRATOS', 630000.0, true),
  ('7a2201dd-ecb7-4d45-9434-1aa4cd8d59e3', 'LILL RENE GUN - 14º LEILÃO QUARTER HORSE IN FAMILY', NULL, 'DANTON DEQUECH - CPF: 02026947988', '8174d8ab-72ce-46be-9c12-509ea8ad6761', '6156-LILL RENE GUN', 'LILL RENE GUN - 14º LEILÃO QUARTER HORSE IN FAMILY', 'PAGO', 48000.0, false),
  ('126692e1-3744-4b9d-b7f8-016d88647096', 'LILL RENE GUN - 14º LEILÃO QUARTER HORSE IN FAMILY', NULL, 'DANTON DEQUECH - CPF: 02026947988', '8174d8ab-72ce-46be-9c12-509ea8ad6761', '6156-LILL RENE GUN', 'LILL RENE GUN - 14º LEILÃO QUARTER HORSE IN FAMILY', 'DISTRATOS', 432000.0, false),
  ('0e3e78ef-a5b0-4a43-b7d1-d93ada7ccd6f', 'MISS GOOD HENRY', '0647016f-b6fb-467e-8061-bb5be447f87c', 'BARBARA  CAROLINA FERNANDES MOTA HORTO -(POTIGUAR RANCH)', '0caba2d0-fd7c-4101-8136-a0a4f1349d77', '778-MISS GOOD', 'DISTRATO SEM MINUTA - MISS GOOD - LOTE 10 - 1º POTIGUAR RANCH', 'PAGO', 45500.0, true),
  ('79ccc519-0791-43b6-8b58-14e37e3e7c05', 'MISS GOOD HENRY', '0647016f-b6fb-467e-8061-bb5be447f87c', 'BARBARA  CAROLINA FERNANDES MOTA HORTO -(POTIGUAR RANCH)', '0caba2d0-fd7c-4101-8136-a0a4f1349d77', '778-MISS GOOD', 'DISTRATO SEM MINUTA - MISS GOOD - LOTE 10 - 1º POTIGUAR RANCH', 'DISTRATOS', 214500.0, true),
  ('bbca53fe-caec-4951-bf55-3f83b72036d3', 'MISS HONDO DIEGO', 'c3ee27c2-1ad5-44e9-95a8-de43209f75ba', 'BARBARA  CAROLINA FERNANDES MOTA HORTO -(POTIGUAR RANCH)', '0caba2d0-fd7c-4101-8136-a0a4f1349d77', '779-MISS HONDO', 'LOTE 11 - 1º POTIGUAR RANCH', 'PAGO', 35000.0, true),
  ('e3c3354e-092b-429e-a62c-85baf5de6dc8', 'MISS HONDO DIEGO', 'c3ee27c2-1ad5-44e9-95a8-de43209f75ba', 'BARBARA  CAROLINA FERNANDES MOTA HORTO -(POTIGUAR RANCH)', '0caba2d0-fd7c-4101-8136-a0a4f1349d77', '779-MISS HONDO', 'LOTE 11 - 1º POTIGUAR RANCH', 'DISTRATOS', 165000.0, true),
  ('8d7ad840-e189-40a3-877c-56d68f62955e', 'POETIZA KEYS', 'e50bc01b-df28-491c-b52a-3c48c73e6277', 'BARBARA  CAROLINA FERNANDES MOTA HORTO -(POTIGUAR RANCH)', '0caba2d0-fd7c-4101-8136-a0a4f1349d77', '780 - POETISA', 'POETISA - LOTE 22 - 1º POTIGUAR RANCH', 'PAGO', 32200.0, true),
  ('fc1eca3e-a1a5-45b1-857b-acaab086e059', 'POETIZA KEYS', 'e50bc01b-df28-491c-b52a-3c48c73e6277', 'BARBARA  CAROLINA FERNANDES MOTA HORTO -(POTIGUAR RANCH)', '0caba2d0-fd7c-4101-8136-a0a4f1349d77', '780 - POETISA', 'POETISA - LOTE 22 - 1º POTIGUAR RANCH', 'VENCIDO', 69000.0, true),
  ('6301a644-f376-402f-8cda-1a5ff675eec6', 'POETIZA KEYS', 'e50bc01b-df28-491c-b52a-3c48c73e6277', 'BARBARA  CAROLINA FERNANDES MOTA HORTO -(POTIGUAR RANCH)', '0caba2d0-fd7c-4101-8136-a0a4f1349d77', '780 - POETISA', 'POETISA - LOTE 22 - 1º POTIGUAR RANCH', 'A_VENCER', 82800.0, true),
  ('bdd4b0af-0df6-4fd4-b434-bafbee672a80', 'ATHENAS FLING', 'af20431f-4e6b-419a-a8ac-d0dd8ebc6cbf', 'BARBARA  CAROLINA FERNANDES MOTA HORTO -(POTIGUAR RANCH)', '0caba2d0-fd7c-4101-8136-a0a4f1349d77', '781-ATHENAS', 'LOTE 29 - 1º POTIGUAR RANCH', 'PAGO', 14000.0, true),
  ('ff87131b-469a-4aac-ae22-4b3ed0db8a42', 'ATHENAS FLING', 'af20431f-4e6b-419a-a8ac-d0dd8ebc6cbf', 'BARBARA  CAROLINA FERNANDES MOTA HORTO -(POTIGUAR RANCH)', '0caba2d0-fd7c-4101-8136-a0a4f1349d77', '781-ATHENAS', 'LOTE 29 - 1º POTIGUAR RANCH', 'DISTRATOS', 66000.0, true),
  ('b650af36-68c3-46ea-a255-da1ed7927844', 'DUNIT DEJA', '0e1aef42-a16a-4e57-98e8-c2455bc861b8', 'GILMAR MANDOTTI GARCIA - CPF: 26787703899', '9d1a24b6-d3f8-402f-a186-7bb9ffeb320d', '782-DUNIT DEJA', 'LOTE 02 - 2º LEILÃO HARAS J GARCIA E RANCHO BOISA', 'PAGO', 32000.0, true),
  ('55f1193c-263d-4e2b-abea-6ecdc4ba88a6', 'DUNIT DEJA', '0e1aef42-a16a-4e57-98e8-c2455bc861b8', 'GILMAR MANDOTTI GARCIA - CPF: 26787703899', '9d1a24b6-d3f8-402f-a186-7bb9ffeb320d', '782-DUNIT DEJA', 'LOTE 02 - 2º LEILÃO HARAS J GARCIA E RANCHO BOISA', 'DISTRATOS', 224000.0, true),
  ('c05e1996-b11f-49ff-b1f4-653a12dc33ee', 'CASE EBONY', 'c6b47fb6-9819-4f2a-9ccd-3cf2663c39d8', 'RICARDO ANGELO POLTRONIERI - CPF: 25062667801', 'cb1bedbd-17b0-4012-a822-9f57df879914', '783-CASE EBONY', 'LOTE 09 - VIRTUAL HARAS ALL BLACK', 'PAGO', 20000.0, true),
  ('2ff4cb4b-0a7c-4c97-bef2-4ceefea7ba49', 'CASE EBONY', 'c6b47fb6-9819-4f2a-9ccd-3cf2663c39d8', 'RICARDO ANGELO POLTRONIERI - CPF: 25062667801', 'cb1bedbd-17b0-4012-a822-9f57df879914', '783-CASE EBONY', 'LOTE 09 - VIRTUAL HARAS ALL BLACK', 'VENCIDO', 210000.0, true),
  ('440bf093-8c04-4150-8541-d6d2941da520', 'CASE EBONY', 'c6b47fb6-9819-4f2a-9ccd-3cf2663c39d8', 'RICARDO ANGELO POLTRONIERI - CPF: 25062667801', 'cb1bedbd-17b0-4012-a822-9f57df879914', '783-CASE EBONY', 'LOTE 09 - VIRTUAL HARAS ALL BLACK', 'A_VENCER', 170000.0, true),
  ('54a1ccb6-0879-4427-a522-1adae71bdf9a', 'SHINNING', NULL, 'RICARDO ANGELO POLTRONIERI - CPF: 25062667801', 'cb1bedbd-17b0-4012-a822-9f57df879914', '789-COB. SHINNING', 'LOTE 100U - VIRTUAL HARAS ALL BLACK', 'PAGO', 400.0, false),
  ('226a645f-9454-4339-9390-ef287ed75efc', 'SHINNING', NULL, 'RICARDO ANGELO POLTRONIERI - CPF: 25062667801', 'cb1bedbd-17b0-4012-a822-9f57df879914', '789-COB. SHINNING', 'LOTE 100U - VIRTUAL HARAS ALL BLACK', 'VENCIDO', 4400.0, false),
  ('66f1d9fb-c682-4f82-b34f-38eb6c7929fe', 'DONATELA APOLLO', '4c153cad-01a0-42db-95c3-d760cf89c3a7', 'CAFULA AGROPECUARIA(JCN RANCH) - CNPJ: 05956202000125', '765b7cce-7e7f-4d4f-9b44-982e7044399e', '805- COB APOLLO', 'Ref. Doc 805, Parcela 3, Vencimento 22/01/2025', 'VENCIDO', 350.0, true),
  ('7b548ba1-74e7-4ad8-acdb-99dab8262139', 'DONATELA APOLLO', '4c153cad-01a0-42db-95c3-d760cf89c3a7', 'CAFULA AGROPECUARIA(JCN RANCH) - CNPJ: 05956202000125', '765b7cce-7e7f-4d4f-9b44-982e7044399e', '805-COB APOLLO', 'COBERTURA APOLLO DIAMOND - LOTE 102C23 - CAFULA EXPERIENCE', 'PAGO', 1000.0, true),
  ('3c3f7d47-3e21-4f04-b8f7-2b08c230589c', 'DONATELA APOLLO', '4c153cad-01a0-42db-95c3-d760cf89c3a7', 'CAFULA AGROPECUARIA(JCN RANCH) - CNPJ: 05956202000125', '765b7cce-7e7f-4d4f-9b44-982e7044399e', '805-COB APOLLO', 'COBERTURA APOLLO DIAMOND - LOTE 102C23 - CAFULA EXPERIENCE', 'VENCIDO', 8100.0, true),
  ('89bc0a4b-eeeb-420d-831d-55e89cc54ef7', 'DONATELA APOLLO', '4c153cad-01a0-42db-95c3-d760cf89c3a7', 'CAFULA AGROPECUARIA(JCN RANCH) - CNPJ: 05956202000125', '765b7cce-7e7f-4d4f-9b44-982e7044399e', '805-COB APOLLO', 'COBERTURA APOLLO DIAMOND - LOTE 102C23 - CAFULA EXPERIENCE', 'A_VENCER', 8550.0, true),
  ('177da14b-cdee-4682-8bdc-29faa570dd6f', 'FLOR BIG FIT LM - P240975', '2c025fb6-30b8-43e3-ad9b-18b2d832048d', 'CAFULA AGROPECUARIA(JCN RANCH) - CNPJ: 05956202000125', '765b7cce-7e7f-4d4f-9b44-982e7044399e', '807-50% FLOR BIG', '50% FLOR BIG FIT LM - LT02 - CAFULA EXPERIENCE 24 OBS. 1 A 4 PARC. R$100.000,00 CFE ACORDO JAPAO', 'PAGO', 175000.0, true),
  ('4f4b39f4-e05e-4eda-8d4f-31d276addf5c', 'FLOR BIG FIT LM - P240975', '2c025fb6-30b8-43e3-ad9b-18b2d832048d', 'CAFULA AGROPECUARIA(JCN RANCH) - CNPJ: 05956202000125', '765b7cce-7e7f-4d4f-9b44-982e7044399e', '807-50% FLOR BIG', '50% FLOR BIG FIT LM - LT02 - CAFULA EXPERIENCE 24 OBS. 1 A 4 PARC. R$100.000,00 CFE ACORDO JAPAO', 'VENCIDO', 375000.0, true),
  ('4cbe8007-edf8-48b4-868b-7d70a04859e4', 'FLOR BIG FIT LM - P240975', '2c025fb6-30b8-43e3-ad9b-18b2d832048d', 'CAFULA AGROPECUARIA(JCN RANCH) - CNPJ: 05956202000125', '765b7cce-7e7f-4d4f-9b44-982e7044399e', '807-50% FLOR BIG', '50% FLOR BIG FIT LM - LT02 - CAFULA EXPERIENCE 24 OBS. 1 A 4 PARC. R$100.000,00 CFE ACORDO JAPAO', 'A_VENCER', 1950000.0, true),
  ('b74fe22d-e89f-43e7-b792-e1c1276c419a', 'PALOMITA SAN', '58b7b48b-6fca-4381-8917-fcaf521f4b65', 'CAFULA AGROPECUARIA(JCN RANCH) - CNPJ: 05956202000125', '765b7cce-7e7f-4d4f-9b44-982e7044399e', '809-25% PALOMITA', '25% PALOMITA SAN - LOTE 06 - CAFULA EXPERIENCE 2024', 'PAGO', 8000.0, true),
  ('4b41a08e-b8bf-4a71-b161-8c0326854976', 'PALOMITA SAN', '58b7b48b-6fca-4381-8917-fcaf521f4b65', 'CAFULA AGROPECUARIA(JCN RANCH) - CNPJ: 05956202000125', '765b7cce-7e7f-4d4f-9b44-982e7044399e', '809-25% PALOMITA', '25% PALOMITA SAN - LOTE 06 - CAFULA EXPERIENCE 2024', 'VENCIDO', 36000.0, true),
  ('8b2e1668-c177-4ae0-b7e2-7752df4089f8', 'PALOMITA SAN', '58b7b48b-6fca-4381-8917-fcaf521f4b65', 'CAFULA AGROPECUARIA(JCN RANCH) - CNPJ: 05956202000125', '765b7cce-7e7f-4d4f-9b44-982e7044399e', '809-25% PALOMITA', '25% PALOMITA SAN - LOTE 06 - CAFULA EXPERIENCE 2024', 'A_VENCER', 36000.0, true),
  ('47cc5761-21e3-402a-af49-08962612eb44', 'DON HOLLAND JACK HJG - P250375', '9af19c19-0739-401a-90cd-3c8e971f00fd', 'CAFULA AGROPECUARIA(JCN RANCH) - CNPJ: 05956202000125', '765b7cce-7e7f-4d4f-9b44-982e7044399e', '812-25% DON HOLLAND', '25% DON HOLLAND JACK HJG - LOTE 300 - CAFULA EXPERIENCE 2024', 'PAGO', 250000.0, true),
  ('d782317c-204e-428e-aa45-aead398e737a', 'DON HOLLAND JACK HJG - P250375', '9af19c19-0739-401a-90cd-3c8e971f00fd', 'CAFULA AGROPECUARIA(JCN RANCH) - CNPJ: 05956202000125', '765b7cce-7e7f-4d4f-9b44-982e7044399e', '812-25% DON HOLLAND', '25% DON HOLLAND JACK HJG - LOTE 300 - CAFULA EXPERIENCE 2024', 'VENCIDO', 850000.0, true),
  ('ef825312-f62a-488a-be0e-c1907741dd14', 'DON HOLLAND JACK HJG - P250375', '9af19c19-0739-401a-90cd-3c8e971f00fd', 'CAFULA AGROPECUARIA(JCN RANCH) - CNPJ: 05956202000125', '765b7cce-7e7f-4d4f-9b44-982e7044399e', '812-25% DON HOLLAND', '25% DON HOLLAND JACK HJG - LOTE 300 - CAFULA EXPERIENCE 2024', 'A_VENCER', 3900000.0, true),
  ('72178008-6a66-4745-9bc8-68d1b5216d09', 'DON HOLLAND JACK HJG - P250375', '9af19c19-0739-401a-90cd-3c8e971f00fd', 'LUCIANO CHAVES GONCALVES - CPF: 51722607491', '9cbf9561-39f0-406e-95c6-20975225c507', '812A-DON HOLLAND', '25% DON HOLLAND JACK HJG - LOTE 300 - CAFULA EXPERIENCE 2024', 'PAGO', 50000.0, true),
  ('cf73b9af-fdf6-41d8-ac38-0f746c387908', 'DON HOLLAND JACK HJG - P250375', '9af19c19-0739-401a-90cd-3c8e971f00fd', 'LUCIANO CHAVES GONCALVES - CPF: 51722607491', '9cbf9561-39f0-406e-95c6-20975225c507', '812A-DON HOLLAND', '25% DON HOLLAND JACK HJG - LOTE 300 - CAFULA EXPERIENCE 2024', 'VENCIDO', 1050000.0, true),
  ('5554e277-102e-4704-8033-17c0762dab0a', 'DON HOLLAND JACK HJG - P250375', '9af19c19-0739-401a-90cd-3c8e971f00fd', 'LUCIANO CHAVES GONCALVES - CPF: 51722607491', '9cbf9561-39f0-406e-95c6-20975225c507', '812A-DON HOLLAND', '25% DON HOLLAND JACK HJG - LOTE 300 - CAFULA EXPERIENCE 2024', 'A_VENCER', 3900000.0, true),
  ('55a76f3b-8aef-4537-b0fc-b85b494381c2', 'POETIZA KEYS', 'e50bc01b-df28-491c-b52a-3c48c73e6277', 'BARBARA  CAROLINA FERNANDES MOTA HORTO -(POTIGUAR RANCH)', '0caba2d0-fd7c-4101-8136-a0a4f1349d77', '814-COBERTURA LORD', 'COBERTURA LORD CASH JR - LOTE 1001 - 1º POTIGUAR RANCH', 'PAGO', 1200.0, true),
  ('576f045a-163e-461f-b3dd-4115aa7b3259', 'POETIZA KEYS', 'e50bc01b-df28-491c-b52a-3c48c73e6277', 'BARBARA  CAROLINA FERNANDES MOTA HORTO -(POTIGUAR RANCH)', '0caba2d0-fd7c-4101-8136-a0a4f1349d77', '814-COBERTURA LORD', 'COBERTURA LORD CASH JR - LOTE 1001 - 1º POTIGUAR RANCH', 'VENCIDO', 2800.0, true),
  ('753b461f-5d62-4ab7-a78c-aa0a77774d51', 'IZIBIDA FLOR FIT JPF - P396106', 'ce688862-279e-4d7b-a536-6535012b20a4', 'ANTONIO VINICIUS NOGUEIRA JUNIOR - CPF: 05328986482', '3540193b-14a3-4442-a9d9-c94784e87109', '827-IZIBIDA', 'IZIBIDA FLOR FIT JPF - LOTE 006.3 - ARMADO FIT SUMMER 2024', 'VENCIDO', 22000.0, true),
  ('4e157a95-9f2f-43e8-95ca-dbf84da015e8', 'IZIBIDA FLOR FIT JPF - P396106', 'ce688862-279e-4d7b-a536-6535012b20a4', 'ANTONIO VINICIUS NOGUEIRA JUNIOR - CPF: 05328986482', '3540193b-14a3-4442-a9d9-c94784e87109', '827-IZIBIDA', 'IZIBIDA FLOR FIT JPF - LOTE 006.3 - ARMADO FIT SUMMER 2024', 'A_VENCER', 18000.0, true),
  ('d0b397c0-f31f-42f8-8479-48fd14089d01', 'IZIBIDA FLOR FIT JPF - P396106', 'ce688862-279e-4d7b-a536-6535012b20a4', 'ANTONIO VINICIUS NOGUEIRA JUNIOR - CPF: 05328986482', '3540193b-14a3-4442-a9d9-c94784e87109', '828-COBERTURA ARMADO', 'COBERTURA ARMADO FIT LM - LOTE 159.B1 - ARMADO FIT SUMMER 2024', 'VENCIDO', 7087.5, true),
  ('aa1ba291-8b20-42ed-99b1-dea4e28545a1', 'IZIBIDA FLOR FIT JPF - P396106', 'ce688862-279e-4d7b-a536-6535012b20a4', 'ANTONIO VINICIUS NOGUEIRA JUNIOR - CPF: 05328986482', '3540193b-14a3-4442-a9d9-c94784e87109', '828-COBERTURA ARMADO', 'COBERTURA ARMADO FIT LM - LOTE 159.B1 - ARMADO FIT SUMMER 2024', 'A_VENCER', 6412.5, true),
  ('ef2cb3d4-0390-45aa-9075-006768748c8b', 'ETERNALA JECK', 'd3fe50a7-fc84-4af5-b681-451026e21ea1', 'JM3N GEST. SOCIET. E DE IMOVEIS PROPRIOS - CNPJ: 45273898000100', '613ade03-df04-4bce-a4e3-a7d1579adb8c', '829-COBERTURA ARMADO', '50% COBERTURA ARMADO FIT LM - LOTE 159.A1 - ARMADO FIT SUMMER 2024', 'VENCIDO', 7087.5, true),
  ('09af8182-a978-4e7f-bd8c-8797cb0fd798', 'ETERNALA JECK', 'd3fe50a7-fc84-4af5-b681-451026e21ea1', 'JM3N GEST. SOCIET. E DE IMOVEIS PROPRIOS - CNPJ: 45273898000100', '613ade03-df04-4bce-a4e3-a7d1579adb8c', '829-COBERTURA ARMADO', '50% COBERTURA ARMADO FIT LM - LOTE 159.A1 - ARMADO FIT SUMMER 2024', 'A_VENCER', 6412.5, true),
  ('a19c6aba-0074-4151-9ed2-bee0d3713276', 'CIGANA FIT', '360d6068-63dc-461b-a9a9-cc5220ea4e61', 'JULIO BORGES FARIAS - CPF: 01799140490', '7560cf7c-5d01-4608-80b7-ca7f17ecf692', '992-CIGANA', 'DISTRATO - CIGANA FIT RCT - LOTE 030 - LEILÃO THE LEGENDS', 'DISTRATOS', 412000.0, true),
  ('d9624e87-4ecf-49b8-a70f-1db7693e01b4', 'GO GIRL TORO', 'dd48a2bb-1785-4026-a6d2-594f8579f93d', 'POTIGUAR RANCH', 'fa26ca38-56a1-4482-916d-66119177990e', '995', 'DISTRATO - GO GO GIRL TORO LM - LOTE 09A - LEILÃO THE LEGENDS', 'DISTRATOS', 12000000.0, true),
  ('fc91a85e-24b0-45cf-b3e7-300881aac382', 'ABYA-RENATO', NULL, 'REEMBOLSO', '4c7eb815-9862-4396-979d-5c19ec29464b', 'ABYA-RENATO', 'REEMBOLSO ABYA-RENATO -HARAS- REF PAGTO ENTRADA EGUA NACTHE APOLLO ROXA', 'VENCIDO', 20000.0, false),
  ('4a6ca40a-7a7e-4521-8e04-e9c012ca000e', 'A VINTAGE WANDA', 'ddabbe40-d1ee-474c-a081-0b4d0370fec2', 'JOAO AVELINO LEAL - CPF: 46134549134', 'e8fed82b-32e6-4689-8001-9d3f9b94bf92', 'ACORDO JOAO AVELINO', 'ACORDO  DISTRATO 11/04/2025 A VINTAGE WANDA', 'DISTRATOS', 236600.0, true),
  ('6d91371f-3503-4865-af72-49c924d4d1ce', 'YELLOW DIEGO', '8ce3c797-85d7-4d3b-9a4e-cb5ba0b2d1f5', 'AGROPECUARIA BERNARDI LTDA(EGLON LUIZ BERNARDI) - CNPJ: 59688575000191', '7b3dfca5-90fa-4d4f-8d84-44a35acf000b', 'ACORDO YELLOW DIEGO', 'RENEGOCIACAO- 10/006/2025 LOTE 08 YELLOW DIEGO HJG', 'PAGO', 40000.0, true),
  ('ee25f3c4-6a74-42ec-926c-656a2745d811', 'CHIEF STARBUCK CHEX - P215024', 'ce394ee9-9361-4308-b12e-de2789c23ec0', 'NOW COBRANCA-ADRIANO VIEIRA PEREIRA', '722fb267-9097-41a4-8a1f-05ca7b974603', 'ADRIANO - CHIEF STA', 'DR. WORKING HORSES 27/07/24 - CAVALO CHIEF STARBUCK CHEX', 'PAGO', 100000.0, true),
  ('761d0d08-81b1-473c-8b56-822aed12a029', 'CHIEF STARBUCK CHEX - P215024', 'ce394ee9-9361-4308-b12e-de2789c23ec0', 'NOW COBRANCA-ADRIANO VIEIRA PEREIRA', '722fb267-9097-41a4-8a1f-05ca7b974603', 'ADRIANO - CHIEF STA', 'DR. WORKING HORSES 27/07/24 - CAVALO CHIEF STARBUCK CHEX', 'VENCIDO', 180000.0, true),
  ('9db91244-88a4-4fab-9e3d-6d65b9dd6e03', 'CHIEF STARBUCK CHEX - P215024', 'ce394ee9-9361-4308-b12e-de2789c23ec0', 'NOW COBRANCA-ADRIANO VIEIRA PEREIRA', '722fb267-9097-41a4-8a1f-05ca7b974603', 'ADRIANO - CHIEF STA', 'DR. WORKING HORSES 27/07/24 - CAVALO CHIEF STARBUCK CHEX', 'A_VENCER', 120000.0, true),
  ('c473fdb4-6108-4a95-8af5-86dcd0fd03bb', 'EASE JECK', 'fd653b40-63a8-4189-be54-399b6e59313d', 'AGROMAIS HORSE LTDA - CNPJ: 57462661000156', 'fa6f8b01-78c8-449a-b733-d11879c2702a', 'AGROMAIS EASEJECK', 'AGROMAIS HORSE - EASE JECK DIEGO 16,66', 'PAGO', 189371.2, true),
  ('905d85e3-0096-438a-8d76-09358edd0da6', 'EASE JECK', 'fd653b40-63a8-4189-be54-399b6e59313d', 'AGROMAIS HORSE LTDA - CNPJ: 57462661000156', 'fa6f8b01-78c8-449a-b733-d11879c2702a', 'AGROMAIS EASEJECK', 'AGROMAIS HORSE - EASE JECK DIEGO 16,66', 'VENCIDO', 331399.60000000003, true),
  ('9bdc0f95-829c-4ed1-aaa1-426c06c2f7aa', 'EASE JECK', 'fd653b40-63a8-4189-be54-399b6e59313d', 'AGROMAIS HORSE LTDA - CNPJ: 57462661000156', 'fa6f8b01-78c8-449a-b733-d11879c2702a', 'AGROMAIS EASEJECK', 'AGROMAIS HORSE - EASE JECK DIEGO 16,66', 'A_VENCER', 378742.4, true),
  ('21bd6d43-ddf0-4c14-ab95-68d5e9d95a5a', 'GLOBELEZA', 'eff3d7d0-2ca1-4243-a059-448da6cf2a8f', 'AGROPECUARIA ALEGRIA LTDA - CNPJ: 54546378000114', 'b64e8f6e-fcf8-4863-a3fb-3855a3ab01d4', 'AGROP GLOBELEZA', '2 LEILAO  MA QUARTER HORSE-EDICAO VAQUEJADA 06/09/2024', 'PAGO', 220000.0, true),
  ('5dee2f82-c419-47cc-b2b7-e6bd43e17caf', 'GLOBELEZA', 'eff3d7d0-2ca1-4243-a059-448da6cf2a8f', 'AGROPECUARIA ALEGRIA LTDA - CNPJ: 54546378000114', 'b64e8f6e-fcf8-4863-a3fb-3855a3ab01d4', 'AGROP GLOBELEZA', '2 LEILAO  MA QUARTER HORSE-EDICAO VAQUEJADA 06/09/2024', 'VENCIDO', 20000.0, true),
  ('15fc79a8-8a16-4fa6-98d3-de85d5d83d20', 'GLOBELEZA', 'eff3d7d0-2ca1-4243-a059-448da6cf2a8f', 'AGROPECUARIA ALEGRIA LTDA - CNPJ: 54546378000114', 'b64e8f6e-fcf8-4863-a3fb-3855a3ab01d4', 'AGROP GLOBELEZA', '2 LEILAO  MA QUARTER HORSE-EDICAO VAQUEJADA 06/09/2024', 'A_VENCER', 160000.0, true),
  ('1325cdea-5b8c-49e9-8e29-d988df1c4c9d', 'STAR AND SPARKS', '78394202-925a-4f47-bea3-1c3bc54c92f7', 'AGROPECUARIA WS LTDA - CNPJ: 50510145000100', 'b6b73751-9f03-4d34-8ac6-15393edf639c', 'AGROP. HOLLAND EASE', 'BAIXA ACORDO WS - LEILAO THE LEGENDS-COBERTURA HOLLAND EASE LT. 109 B1 50%', 'PAGO', 600000.0, true),
  ('b3c828c5-ef76-4531-9879-1e0f4f7d27e9', 'EASE JECK', 'fd653b40-63a8-4189-be54-399b6e59313d', 'AGROPECUARIA GRATIDAO - CNPJ: 32785158000100', '1e32763e-7873-4de7-8c4a-fd1fcc5f6ac9', 'AGRP GRATIDAO EASE', 'BAIXA PARCIAL PARC. MES 3 -  NEGOCIAÇÃO MS E WS - 1 LEILAO DONTORO XJGC - 16,66 % EASE JECK DIEGO', 'PAGO', 18503.86, true),
  ('d0a7ea8e-b7d3-47a4-abbc-2f4c1d2df023', 'ALAMITA SHADY', 'd466af98-ffe1-4c46-aa9d-e768ff64bab7', 'THIAGO CARLOS LIMA', 'f4494840-3b0c-49a0-a9cf-b2cfbdd60ec4', 'ALAMITA SHADY', 'ANIMAL- ALAMITA SHADY  SEM CONTRATO', 'PAGO', 150000.0, true),
  ('57b28976-afbf-42c3-9170-c70833359599', 'REFEIÇÃO PEDREIROS CONSTRUÇÃO PISTA DE VAQUEJADA (01/11/2024_', NULL, 'DIONES ROCHA SANTANA', '7e418697-616e-4436-bc36-501b9c20d9eb', 'ALIMENTAÇAO PEDREIRO', 'REFEIÇÃO PEDREIROS CONSTRUÇÃO PISTA DE VAQUEJADA (01/11/2024_', 'PAGO', 310.0, false),
  ('bf7f24b1-cf76-4301-8a2e-a5b4a30138ee', 'ALMA VIVA EASE SHOW', 'e43c0a95-f0e6-462a-84f9-72ce3dd8434c', 'HARAS SHOW ( JOSE JONISMAR G DANTAS)', '6174ec2d-3149-41f7-bd19-e1453a566406', 'ALMA VIVA EASE SHOW', 'LEILAO HARAS SHOW 35 ANOS LENDA HOLLAND EASE- ALMA VIVA EASE 100%', 'PAGO', 100000.0, true),
  ('aabed50a-c1bd-414c-b2b6-bb20765aedf9', 'ALMA VIVA EASE SHOW', 'e43c0a95-f0e6-462a-84f9-72ce3dd8434c', 'HARAS SHOW ( JOSE JONISMAR G DANTAS)', '6174ec2d-3149-41f7-bd19-e1453a566406', 'ALMA VIVA EASE SHOW', 'LEILAO HARAS SHOW 35 ANOS LENDA HOLLAND EASE- ALMA VIVA EASE 100%', 'VENCIDO', 140000.0, true),
  ('ad809a1b-23cc-4e92-a540-6d5a9c0da8a1', 'ALMA VIVA EASE SHOW', 'e43c0a95-f0e6-462a-84f9-72ce3dd8434c', 'HARAS SHOW ( JOSE JONISMAR G DANTAS)', '6174ec2d-3149-41f7-bd19-e1453a566406', 'ALMA VIVA EASE SHOW', 'LEILAO HARAS SHOW 35 ANOS LENDA HOLLAND EASE- ALMA VIVA EASE 100%', 'A_VENCER', 160000.0, true),
  ('19cbeec6-270a-4377-b432-e07ea985729d', 'VIKING ZORRERO', 'ea245f7f-a28d-4472-b75d-dd10da96e7db', 'ANGELO ROBERTO DE LESSA FIGUEIROA - CPF: 04618465433', 'bc43aaf0-faa4-4f6a-88ec-165d83689890', 'ANGELO- VIKING ZORRE', 'CONTRATO COMPRA VENDA-  VINING ZORRERO MACHO P287783', 'PAGO', 100000.0, true),
  ('8c19fd68-efb8-4705-aa43-c71e7e36b23f', 'VIKING ZORRERO', 'ea245f7f-a28d-4472-b75d-dd10da96e7db', 'ANGELO ROBERTO DE LESSA FIGUEIROA - CPF: 04618465433', 'bc43aaf0-faa4-4f6a-88ec-165d83689890', 'ANGELO- VIKING ZORRE', 'CONTRATO COMPRA VENDA-  VINING ZORRERO MACHO P287783', 'VENCIDO', 260000.0, true),
  ('27cdf1b5-4a9d-411d-87a3-35b74b2e1b48', 'VIKING ZORRERO', 'ea245f7f-a28d-4472-b75d-dd10da96e7db', 'ANGELO ROBERTO DE LESSA FIGUEIROA - CPF: 04618465433', 'bc43aaf0-faa4-4f6a-88ec-165d83689890', 'ANGELO- VIKING ZORRE', 'CONTRATO COMPRA VENDA-  VINING ZORRERO MACHO P287783', 'A_VENCER', 20000.0, true),
  ('bb789309-d946-4d4f-be42-c4e625ff19f7', 'AS TIME GOES BY FFB', '167afa83-a136-4d5f-af71-8de14f1aab28', 'CARLOS EDUARDO PEDROSA AURICHIO PASIN', '143e2ad6-2bb1-4ea6-9c0a-6939af40a3e6', 'AS TIME GOES BY FFB', '50% AS TIME GOES BY FFB - LOTE 73 - 3º LEILÃO JBJ RANCH E AMIGOS', 'PAGO', 67100.0, true),
  ('309b8c50-b767-48bf-9b2e-a0c3621b1b47', 'AS TIME GOES BY FFB', '167afa83-a136-4d5f-af71-8de14f1aab28', 'CARLOS EDUARDO PEDROSA AURICHIO PASIN', '143e2ad6-2bb1-4ea6-9c0a-6939af40a3e6', 'AS TIME GOES BY FFB', '50% AS TIME GOES BY FFB - LOTE 73 - 3º LEILÃO JBJ RANCH E AMIGOS', 'VENCIDO', 21350.0, true),
  ('f11325fe-504b-48d5-8510-5b96d4958d86', 'AS TIME GOES BY FFB', '167afa83-a136-4d5f-af71-8de14f1aab28', 'CARLOS EDUARDO PEDROSA AURICHIO PASIN', '143e2ad6-2bb1-4ea6-9c0a-6939af40a3e6', 'AS TIME GOES BY FFB', '50% AS TIME GOES BY FFB - LOTE 73 - 3º LEILÃO JBJ RANCH E AMIGOS', 'A_VENCER', 33550.0, true),
  ('e0539738-b048-410e-b01c-4b47da35ab77', 'AS TIME GOES BY FFB', '167afa83-a136-4d5f-af71-8de14f1aab28', 'PAULO RENATO DA CUNHA', '2fff6aef-6e7b-44b1-9464-2e1c0626630c', 'AS TIME GOES BY FFB', '50% AS TIME GOES BY FFB - LOTE 73 - 3º LEILÃO JBJ RANCH E AMIGOS', 'PAGO', 64050.0, true),
  ('ba45b2fe-eac5-43fd-90f9-3819026b39b0', 'AS TIME GOES BY FFB', '167afa83-a136-4d5f-af71-8de14f1aab28', 'PAULO RENATO DA CUNHA', '2fff6aef-6e7b-44b1-9464-2e1c0626630c', 'AS TIME GOES BY FFB', '50% AS TIME GOES BY FFB - LOTE 73 - 3º LEILÃO JBJ RANCH E AMIGOS', 'VENCIDO', 24400.0, true),
  ('2adb1731-e295-49a0-bc5d-bd0f802d79ff', 'AS TIME GOES BY FFB', '167afa83-a136-4d5f-af71-8de14f1aab28', 'PAULO RENATO DA CUNHA', '2fff6aef-6e7b-44b1-9464-2e1c0626630c', 'AS TIME GOES BY FFB', '50% AS TIME GOES BY FFB - LOTE 73 - 3º LEILÃO JBJ RANCH E AMIGOS', 'A_VENCER', 33550.0, true),
  ('5190f3ad-3ae3-4bb8-ba52-0518a3573432', '01 ASPIRACAO -NELORE PO B6124 DA S NICE/COM', NULL, 'HEDLEY PORT ( COBRAMOS ASSESSORIA LTDA) - CPF: 04816085912', 'd67c3318-e509-463b-87bd-eebe8a5d50f7', 'ASPIRACAO HEDLEY', '01 ASPIRACAO -NELORE PO B6124 DA S NICE/COM MAPA', 'PAGO', 30000.0, false),
  ('9201978e-2414-4cac-831c-aa722a274cbf', 'BAHAMAS JECK', 'a9162e0c-d63f-4614-a6e8-e93ea19f209a', 'CASSIO JOSE NAJAR ADDINY', '54378ff6-9300-48c3-86ae-c26618fd7a40', 'BAHAMAS JECK', 'BAHAMAS JECK - LOTE 021 - LEILÃO THE LEGENDS', 'PAGO', 94000.0, true),
  ('a8221edb-3193-4b4c-93ae-397282fb2886', 'BAHAMAS JECK', 'a9162e0c-d63f-4614-a6e8-e93ea19f209a', 'CASSIO JOSE NAJAR ADDINY', '54378ff6-9300-48c3-86ae-c26618fd7a40', 'BAHAMAS JECK', 'BAHAMAS JECK - LOTE 021 - LEILÃO THE LEGENDS', 'VENCIDO', 244400.0, true),
  ('1fb53140-cbf7-4b09-bfd6-9b94fafa583a', 'BAHAMAS JECK', 'a9162e0c-d63f-4614-a6e8-e93ea19f209a', 'CASSIO JOSE NAJAR ADDINY', '54378ff6-9300-48c3-86ae-c26618fd7a40', 'BAHAMAS JECK', 'BAHAMAS JECK - LOTE 021 - LEILÃO THE LEGENDS', 'A_VENCER', 413600.0, true),
  ('005aad4c-6a61-41b7-8675-1134f79ac5e6', 'MISS GOOD HENRY', '0647016f-b6fb-467e-8061-bb5be447f87c', 'BARBARA  CAROLINA FERNANDES MOTA HORTO -(POTIGUAR RANCH)', '0caba2d0-fd7c-4101-8136-a0a4f1349d77', 'BARBARA GO GIRL', '1º POTIGUAR RANCH 02/11/2024 - 100% VENTRE - GO GIRL TORO', 'PAGO', 30000.0, true),
  ('9390e335-23f9-465b-9cc2-d02a44ea148f', 'MISS GOOD HENRY', '0647016f-b6fb-467e-8061-bb5be447f87c', 'BARBARA  CAROLINA FERNANDES MOTA HORTO -(POTIGUAR RANCH)', '0caba2d0-fd7c-4101-8136-a0a4f1349d77', 'BARBARA GO GIRL', '1º POTIGUAR RANCH 02/11/2024 - 100% VENTRE - GO GIRL TORO', 'VENCIDO', 130000.0, true),
  ('afa17547-97bb-4dcf-bcdc-83becf0214e7', 'MISS GOOD HENRY', '0647016f-b6fb-467e-8061-bb5be447f87c', 'BARBARA  CAROLINA FERNANDES MOTA HORTO -(POTIGUAR RANCH)', '0caba2d0-fd7c-4101-8136-a0a4f1349d77', 'BARBARA GO GIRL', '1º POTIGUAR RANCH 02/11/2024 - 100% VENTRE - GO GIRL TORO', 'A_VENCER', 220000.0, true),
  ('6c8db4ba-a2b4-4e58-9233-893f471f8d54', 'MISS GOOD HENRY', '0647016f-b6fb-467e-8061-bb5be447f87c', 'BARBARA  CAROLINA FERNANDES MOTA HORTO -(POTIGUAR RANCH)', '0caba2d0-fd7c-4101-8136-a0a4f1349d77', 'BARBARA-GO GIRL', '1º POTIGUAR RANCH 02/11/2024 - 100% VENTRE - GO GIRL TORO', 'VENCIDO', 20000.0, true),
  ('66a28523-2be5-4364-8d4b-032598662cfa', 'EASE JECK', 'fd653b40-63a8-4189-be54-399b6e59313d', 'CHAGAS E CHAGAS COMPRA E VENDAS DE CAVALOS - CNPJ: 31707569000115', '2b2e325f-5aac-4ffa-817c-d4eb477227e9', 'BLUE DESS-CHAGAS', 'BLUE DESS-CHAGAS E CHAGAS-COMPRA CANCELADA (ABATEU EM PAGAMENTO PARA O JASON LIVE MILANI', 'PAGO', 25000.0, true),
  ('48cc3fb4-b55c-4860-8d71-78710eb70e31', 'MASKED DIAMOND', '37a75f73-bf73-4b58-8e23-39108c293711', 'UNDERVAL AGROPECUARIA LTDA.', '230e580d-0ca3-475a-bff1-c4405fe02051', 'BLUE DESS-UNDERVAL', 'CAVALO BLUE DESS-UNDERVAL-COMPRA CANCELADA REALOCAR PARA HENRYETA', 'PAGO', 25000.0, true),
  ('7f1571d1-d8ce-4a13-b130-0e8fbf18fcdb', 'STAR AND SPARKS', '78394202-925a-4f47-bea3-1c3bc54c92f7', 'AGROPECUARIA CAMPO LIMPO LTDA', 'ce6bb46a-21af-4106-a2b0-8e1e6b60b5f0', 'CAMPO LIMPO ACORDO', 'ACORDO DISTRATO 30/06/2025 -CAMPO LIMPO 100% STAR AND SPARKS E 50% LILYTH', 'PAGO', 30000.0, true),
  ('9d0ea32c-cc72-4ca4-a727-99a5d7e8dac1', 'STAR AND SPARKS', '78394202-925a-4f47-bea3-1c3bc54c92f7', 'AGROPECUARIA CAMPO LIMPO LTDA', 'ce6bb46a-21af-4106-a2b0-8e1e6b60b5f0', 'CAMPO LIMPO ACORDO', 'ACORDO DISTRATO 30/06/2025 -CAMPO LIMPO 100% STAR AND SPARKS E 50% LILYTH', 'VENCIDO', 15000.0, true),
  ('0f20a0a7-937f-4487-b66c-8e20504f1cf8', 'QUIS SMOTH', '3504f1bc-4fb1-40fb-a1e8-a806d973de75', 'AGROPECUARIA CAMPO LIMPO LTDA', 'ce6bb46a-21af-4106-a2b0-8e1e6b60b5f0', 'CAMPO LIMPO QUIS', 'Virtual Haras ZA e Amigos - 14/11/2024 -33,33% QUIS SMOTH', 'PAGO', 1333.37, true),
  ('e0a97cba-1279-4ac1-bdeb-062b2b70b84a', 'QUIS SMOTH', '3504f1bc-4fb1-40fb-a1e8-a806d973de75', 'AGROPECUARIA CAMPO LIMPO LTDA', 'ce6bb46a-21af-4106-a2b0-8e1e6b60b5f0', 'CAMPO LIMPO QUIS', 'Virtual Haras ZA e Amigos - 14/11/2024 -33,33% QUIS SMOTH', 'VENCIDO', 14666.58, true),
  ('028f1f3d-73e4-4aca-b59d-617501376fb1', 'QUIS SMOTH', '3504f1bc-4fb1-40fb-a1e8-a806d973de75', 'AGROPECUARIA CAMPO LIMPO LTDA', 'ce6bb46a-21af-4106-a2b0-8e1e6b60b5f0', 'CAMPO LIMPO QUIS', 'Virtual Haras ZA e Amigos - 14/11/2024 -33,33% QUIS SMOTH', 'A_VENCER', 10666.72, true),
  ('70f4c4c6-7da9-4111-8b28-83fceea98015', 'CARLOS EDUARDO', NULL, 'CARLOS EDUARDO DA SILVA', '87da2abb-a41d-4264-9271-b733c01ac8cd', 'CARLOS EDUARDO', 'MATERIAL  PARA ANIMAIS HARAS -PEDIDO OELO GERA GUERRA', 'PAGO', 3890.0, false),
  ('a5f20738-80e8-4676-b58f-a0ea0eb6da0f', 'AS TIME GOES BY FFB', '167afa83-a136-4d5f-af71-8de14f1aab28', 'CARLOS EDUARDO PEDROSA AURICHIO-PASIN - CNPJ: 09619469000692', '3b9c8b23-dc9e-4778-b282-b0f5e6dd3dc6', 'CARLOS NOT RUF-COBER', 'ROPING FUTURITIES- COBERTURA 29/11/2024 ANEXADO MAPA COMPRA', 'PAGO', 9000.0, true),
  ('7361c82e-6b5e-46e6-aa71-6299963b2428', 'AS TIME GOES BY FFB', '167afa83-a136-4d5f-af71-8de14f1aab28', 'CARLOS EDUARDO PEDROSA AURICHIO-PASIN - CNPJ: 09619469000692', '3b9c8b23-dc9e-4778-b282-b0f5e6dd3dc6', 'CARLOS NOT RUF-COBER', 'ROPING FUTURITIES- COBERTURA 29/11/2024 ANEXADO MAPA COMPRA', 'VENCIDO', 21000.0, true),
  ('9e6857f4-a021-443a-aea1-26aac6f76a78', 'AS TIME GOES BY FFB', '167afa83-a136-4d5f-af71-8de14f1aab28', 'CARLOS EDUARDO PEDROSA AURICHIO-PASIN - CNPJ: 09619469000692', '3b9c8b23-dc9e-4778-b282-b0f5e6dd3dc6', 'CARLOS WATCHA GUNN', 'ROPING FUTURITIES-COBERTURA 29-11-24 - 100% WATCHA GUNNA DO', 'PAGO', 6000.0, true),
  ('4f3a0b4c-a2a9-40bf-8cf2-4818add608dd', 'AS TIME GOES BY FFB', '167afa83-a136-4d5f-af71-8de14f1aab28', 'CARLOS EDUARDO PEDROSA AURICHIO-PASIN - CNPJ: 09619469000692', '3b9c8b23-dc9e-4778-b282-b0f5e6dd3dc6', 'CARLOS WATCHA GUNN', 'ROPING FUTURITIES-COBERTURA 29-11-24 - 100% WATCHA GUNNA DO', 'VENCIDO', 14000.0, true),
  ('dcd31e83-2bc1-48a3-b36d-6e297c63316c', 'EVITA ETERNAL', '8e6ef5c2-2078-4fe4-b3e5-7fff6f22c87b', 'CELSO ARAUJO TENORIO - CPF: 05285015502', '7b6df873-7b55-43e0-a718-34a2cc6c2654', 'CELSO- EVITA ETERNAL', 'CONTRATO DE COMPRA E VENDA - EVITA ETERNALA HS2 -OBS MY PRICRSS E DANDARA TORO- A ENTRADA', 'PAGO', 100000.0, true),
  ('f3e46723-fe5b-49ef-9739-57e2bd747e76', 'EVITA ETERNAL', '8e6ef5c2-2078-4fe4-b3e5-7fff6f22c87b', 'CELSO ARAUJO TENORIO - CPF: 05285015502', '7b6df873-7b55-43e0-a718-34a2cc6c2654', 'CELSO- EVITA ETERNAL', 'CONTRATO DE COMPRA E VENDA - EVITA ETERNALA HS2 -OBS MY PRICRSS E DANDARA TORO- A ENTRADA', 'VENCIDO', 100000.0, true),
  ('185d0358-8b4c-454b-8e2c-016939f3d650', 'EVITA ETERNAL', '8e6ef5c2-2078-4fe4-b3e5-7fff6f22c87b', 'CELSO ARAUJO TENORIO - CPF: 05285015502', '7b6df873-7b55-43e0-a718-34a2cc6c2654', 'CELSO- EVITA ETERNAL', 'CONTRATO DE COMPRA E VENDA - EVITA ETERNALA HS2 -OBS MY PRICRSS E DANDARA TORO- A ENTRADA', 'DESCONTOS', 200000.0, true),
  ('8d6b2281-a71a-4611-abc1-34dc53b89bd1', 'INQUESTIONAVEL', 'e1e2e719-31f8-450a-b34a-606f1be8dd62', 'CELSO VITORIO DOS SANTOS (VALDINEA MARIA ALVES OMENA) JOELMA P DOS SANTOS PIX - CPF: 00927375443', '6a4edf82-3940-4ee7-8ce2-d40fb2a1ae07', 'CELSO-INQUESTIONAVEL', 'CONTRATO COMPRA VENDA - INQUESTIONAVEL PARTH - 4 DE MILHA -CAVALO', 'PAGO', 475000.0, true),
  ('c1525534-850d-4cbf-ae85-64a4163dd2a2', 'INQUESTIONAVEL', 'e1e2e719-31f8-450a-b34a-606f1be8dd62', 'CELSO VITORIO DOS SANTOS (VALDINEA MARIA ALVES OMENA) JOELMA P DOS SANTOS PIX - CPF: 00927375443', '6a4edf82-3940-4ee7-8ce2-d40fb2a1ae07', 'CELSO-INQUESTIONAVEL', 'CONTRATO COMPRA VENDA - INQUESTIONAVEL PARTH - 4 DE MILHA -CAVALO', 'VENCIDO', 50000.0, true),
  ('e4771af5-efc3-4188-87ba-1b391d8681fd', 'INQUESTIONAVEL', 'e1e2e719-31f8-450a-b34a-606f1be8dd62', 'CELSO VITORIO DOS SANTOS (VALDINEA MARIA ALVES OMENA) JOELMA P DOS SANTOS PIX - CPF: 00927375443', '6a4edf82-3940-4ee7-8ce2-d40fb2a1ae07', 'CELSO-INQUESTIONAVEL', 'CONTRATO COMPRA VENDA - INQUESTIONAVEL PARTH - 4 DE MILHA -CAVALO', 'A_VENCER', 175000.0, true),
  ('79f5f055-5fdc-43b3-a6eb-f781d561caee', 'RARA VISTA', '924db1e7-90e7-4a69-a99d-ccf51c965d40', 'CHAGAS E CHAGAS COMPRA E VENDAS DE CAVALOS - CNPJ: 31707569000115', '2b2e325f-5aac-4ffa-817c-d4eb477227e9', 'CHAGAS RARA VISTA', '9 LEILAO  RACHO VALE RICO- 50% RARA VISTA-FEMEA', 'PAGO', 54000.0, true),
  ('a59a0cd8-90da-4d71-bcf4-6a4dba06f540', 'RARA VISTA', '924db1e7-90e7-4a69-a99d-ccf51c965d40', 'CHAGAS E CHAGAS COMPRA E VENDAS DE CAVALOS - CNPJ: 31707569000115', '2b2e325f-5aac-4ffa-817c-d4eb477227e9', 'CHAGAS RARA VISTA', '9 LEILAO  RACHO VALE RICO- 50% RARA VISTA-FEMEA', 'VENCIDO', 84000.0, true),
  ('85f072e5-4024-4a81-90fe-b042fc9f8d9b', 'RARA VISTA', '924db1e7-90e7-4a69-a99d-ccf51c965d40', 'CHAGAS E CHAGAS COMPRA E VENDAS DE CAVALOS - CNPJ: 31707569000115', '2b2e325f-5aac-4ffa-817c-d4eb477227e9', 'CHAGAS RARA VISTA', '9 LEILAO  RACHO VALE RICO- 50% RARA VISTA-FEMEA', 'A_VENCER', 102000.0, true),
  ('f072f1c5-713d-41c2-9465-ce6f4ed86a83', 'FORTUNES', 'bf27383e-5552-4cda-95c7-3e4c87d4c7ba', 'CHAGAS E CHAGAS COMPRA E VENDAS DE CAVALOS - CNPJ: 31707569000115', '2b2e325f-5aac-4ffa-817c-d4eb477227e9', 'CHAGAS-/ FORTUNES', 'CHAGAS E CHAGAS / ANIMAL FORTUNES FAST HJML', 'PAGO', 15000.0, true),
  ('02b81711-32fa-42fa-bffd-227c7416241a', 'FORTUNES', 'bf27383e-5552-4cda-95c7-3e4c87d4c7ba', 'CHAGAS E CHAGAS COMPRA E VENDAS DE CAVALOS - CNPJ: 31707569000115', '2b2e325f-5aac-4ffa-817c-d4eb477227e9', 'CHAGAS-/ FORTUNES', 'CHAGAS E CHAGAS / ANIMAL FORTUNES FAST HJML', 'VENCIDO', 21000.0, true),
  ('11ebae84-e7b1-4b52-a9b3-eadd357031da', 'FORTUNES', 'bf27383e-5552-4cda-95c7-3e4c87d4c7ba', 'CHAGAS E CHAGAS COMPRA E VENDAS DE CAVALOS - CNPJ: 31707569000115', '2b2e325f-5aac-4ffa-817c-d4eb477227e9', 'CHAGAS-/ FORTUNES', 'CHAGAS E CHAGAS / ANIMAL FORTUNES FAST HJML', 'A_VENCER', 24000.0, true),
  ('4ff0dec0-41d4-47e5-8aeb-c8bffd3bc15a', 'EASE JECK', 'fd653b40-63a8-4189-be54-399b6e59313d', 'CHAGAS E CHAGAS COMPRA E VENDAS DE CAVALOS - CNPJ: 31707569000115', '2b2e325f-5aac-4ffa-817c-d4eb477227e9', 'CHAGAS-EASE JECK', '1º LEILÃO DON TORO X JGC- 33% EASE JECK DIEGO- BAIXADO SEM COMPROVANTE', 'PAGO', 520614.6, true),
  ('0b3f9abb-8c4c-4e71-ab33-d87404b0d176', 'EASE JECK', 'fd653b40-63a8-4189-be54-399b6e59313d', 'CHAGAS E CHAGAS COMPRA E VENDAS DE CAVALOS - CNPJ: 31707569000115', '2b2e325f-5aac-4ffa-817c-d4eb477227e9', 'CHAGAS-EASE JECK', '1º LEILÃO DON TORO X JGC- 33% EASE JECK DIEGO- BAIXADO SEM COMPROVANTE', 'VENCIDO', 662600.4, true),
  ('78d0fcf1-44b8-4b7b-9e44-786ea1a3149c', 'EASE JECK', 'fd653b40-63a8-4189-be54-399b6e59313d', 'CHAGAS E CHAGAS COMPRA E VENDAS DE CAVALOS - CNPJ: 31707569000115', '2b2e325f-5aac-4ffa-817c-d4eb477227e9', 'CHAGAS-EASE JECK', '1º LEILÃO DON TORO X JGC- 33% EASE JECK DIEGO- BAIXADO SEM COMPROVANTE', 'A_VENCER', 709929.0, true),
  ('b4591917-8bad-4204-a40a-265c1f10345d', 'MASKED DIAMOND', '37a75f73-bf73-4b58-8e23-39108c293711', 'CHAGAS E CHAGAS COMPRA E VENDAS DE CAVALOS - CNPJ: 31707569000115', '2b2e325f-5aac-4ffa-817c-d4eb477227e9', 'CHAGAS/ MASKED', '50% MASKED DIAMONAL - CHAGAS E CHAGAS', 'PAGO', 281250.0, true),
  ('884fcf21-c048-4460-b9a1-2de573261687', 'MASKED DIAMOND', '37a75f73-bf73-4b58-8e23-39108c293711', 'CHAGAS E CHAGAS COMPRA E VENDAS DE CAVALOS - CNPJ: 31707569000115', '2b2e325f-5aac-4ffa-817c-d4eb477227e9', 'CHAGAS/ MASKED', '50% MASKED DIAMONAL - CHAGAS E CHAGAS', 'VENCIDO', 437500.0, true),
  ('5570846d-6c18-43b5-a4fa-8fc704d4f60e', 'MASKED DIAMOND', '37a75f73-bf73-4b58-8e23-39108c293711', 'CHAGAS E CHAGAS COMPRA E VENDAS DE CAVALOS - CNPJ: 31707569000115', '2b2e325f-5aac-4ffa-817c-d4eb477227e9', 'CHAGAS/ MASKED', '50% MASKED DIAMONAL - CHAGAS E CHAGAS', 'A_VENCER', 500000.0, true),
  ('26dae83f-f0ce-499b-8a00-e1fae23036c2', 'DIELMA TORO', 'cbefc30d-4f2b-4060-8d1b-82c6f78eefcc', 'CICERO GEORGE DE BRITO - CPF: 77152352372', '3e5037d8-0caf-4a64-9566-81e6deb98d72', 'CICERO GEORGE-DIELMA', '-DIELMA -CONTRATO DE PROMESSA DE VENDA E COMPRA DE SEMOVENTE  C/ RESERVA DE DOMÍNIO Nº1906-13-10/24.', 'PAGO', 806329.0, true),
  ('1e7754dc-bfb9-4ca3-9729-b489fc71efa1', 'DIELMA TORO', 'cbefc30d-4f2b-4060-8d1b-82c6f78eefcc', 'CICERO GEORGE DE BRITO - CPF: 77152352372', '3e5037d8-0caf-4a64-9566-81e6deb98d72', 'CICERO GEORGE-DIELMA', '-DIELMA -CONTRATO DE PROMESSA DE VENDA E COMPRA DE SEMOVENTE  C/ RESERVA DE DOMÍNIO Nº1906-13-10/24.', 'VENCIDO', 303664.0, true),
  ('0bf68013-be44-4d12-b294-8c95a0db7634', 'DIELMA TORO', 'cbefc30d-4f2b-4060-8d1b-82c6f78eefcc', 'CICERO GEORGE DE BRITO - CPF: 77152352372', '3e5037d8-0caf-4a64-9566-81e6deb98d72', 'CICERO GEORGE-DIELMA', '-DIELMA -CONTRATO DE PROMESSA DE VENDA E COMPRA DE SEMOVENTE  C/ RESERVA DE DOMÍNIO Nº1906-13-10/24.', 'A_VENCER', 390007.0, true),
  ('10ca4832-e2de-40a5-8f6b-ddb6c08dae4a', 'CLEO HOLLAND', '6aad1e59-7f15-49fb-a53a-bdc7b371b986', 'FATURAR GESTAO FINANCEIRA LTDA-( FPP AGRO NEGOCIOS) CLEO HOLAND SHOWFPP', 'ffea3e11-86f6-4d1b-9317-fdf16c74de64', 'CLEO HOLLAND', 'LEILAO HARAS SHOW 35 ANOS LENDA HOLLAND EASE- EGUA CLEO HOLAND SHOWFPP', 'PAGO', 38500.0, true),
  ('23dfbe3e-e54d-4802-b078-d1db08f96c95', 'CLEO HOLLAND', '6aad1e59-7f15-49fb-a53a-bdc7b371b986', 'FATURAR GESTAO FINANCEIRA LTDA-( FPP AGRO NEGOCIOS) CLEO HOLAND SHOWFPP', 'ffea3e11-86f6-4d1b-9317-fdf16c74de64', 'CLEO HOLLAND', 'LEILAO HARAS SHOW 35 ANOS LENDA HOLLAND EASE- EGUA CLEO HOLAND SHOWFPP', 'VENCIDO', 88000.0, true),
  ('af8d6dd5-7188-4364-b0f2-cba9e83bf629', 'CLEO HOLLAND', '6aad1e59-7f15-49fb-a53a-bdc7b371b986', 'FATURAR GESTAO FINANCEIRA LTDA-( FPP AGRO NEGOCIOS) CLEO HOLAND SHOWFPP', 'ffea3e11-86f6-4d1b-9317-fdf16c74de64', 'CLEO HOLLAND', 'LEILAO HARAS SHOW 35 ANOS LENDA HOLLAND EASE- EGUA CLEO HOLAND SHOWFPP', 'A_VENCER', 88000.0, true),
  ('e0920851-a7eb-4aed-9de5-f2d905235a1d', 'CLEO HOLLAND', '6aad1e59-7f15-49fb-a53a-bdc7b371b986', 'HARAS SHOW ( JOSE JONISMAR G DANTAS)', '6174ec2d-3149-41f7-bd19-e1453a566406', 'CLEO HOLLAND', 'LEILAO HARAS SHOW 35 ANOS LENDA HOLLAND EASE- CLEO HOLAND SHOWFPP', 'PAGO', 55000.0, true),
  ('1fb9995f-d64f-4f8d-80d1-f10c38909413', 'CLEO HOLLAND', '6aad1e59-7f15-49fb-a53a-bdc7b371b986', 'HARAS SHOW ( JOSE JONISMAR G DANTAS)', '6174ec2d-3149-41f7-bd19-e1453a566406', 'CLEO HOLLAND', 'LEILAO HARAS SHOW 35 ANOS LENDA HOLLAND EASE- CLEO HOLAND SHOWFPP', 'VENCIDO', 77000.0, true),
  ('699291dd-2f4f-4e5f-9561-db46f78fff2b', 'CLEO HOLLAND', '6aad1e59-7f15-49fb-a53a-bdc7b371b986', 'HARAS SHOW ( JOSE JONISMAR G DANTAS)', '6174ec2d-3149-41f7-bd19-e1453a566406', 'CLEO HOLLAND', 'LEILAO HARAS SHOW 35 ANOS LENDA HOLLAND EASE- CLEO HOLAND SHOWFPP', 'A_VENCER', 88000.0, true),
  ('0da29dc9-4c5a-4738-ae1b-f953843d46a8', '10 COBERTURAS AMERICAS NEXTTOPGUN (MAVERIK)- DOC 004 TFA 047', NULL, 'TRIPLE FALLIANCE DO BRASIL LTDA- MAVERIK COBERTU( QUARTER ASSETS MANAGEMET LTDA-', '12935f4d-e5dc-4080-931f-441a49797228', 'COB AMERIKAS-FERRARI', '10 COBERTURAS AMERICAS NEXTTOPGUN (MAVERIK)- DOC 004 TFA 047 MSH', 'VENCIDO', 80000.0, false),
  ('d264a966-41d2-4057-8038-b48944045c7c', '10 COBERTURAS AMERICAS NEXTTOPGUN (MAVERIK)- DOC 004 TFA 047', NULL, 'TRIPLE FALLIANCE DO BRASIL LTDA- MAVERIK COBERTU( QUARTER ASSETS MANAGEMET LTDA-', '12935f4d-e5dc-4080-931f-441a49797228', 'COB AMERIKAS-FERRARI', '10 COBERTURAS AMERICAS NEXTTOPGUN (MAVERIK)- DOC 004 TFA 047 MSH', 'A_VENCER', 220000.0, false),
  ('745e329e-18ff-4804-a117-6527509a6088', 'COBERTURA LIL JOE', NULL, 'LIL JOE CASH SPE LTDA - CNPJ: 53311123000100', '181d388f-480c-4ce7-893e-f54899c859e6', 'COB LIL JOE&WHIZKEY', 'COBERTURA LIL JOE CASH - LOTE 100CD - 3º LEILÃO JBJ RANCH E AMIGOS', 'PAGO', 28800.0, false),
  ('02f191cc-bf05-4a5c-b77b-829a9770751b', 'COBERTURA LIL JOE', NULL, 'LIL JOE CASH SPE LTDA - CNPJ: 53311123000100', '181d388f-480c-4ce7-893e-f54899c859e6', 'COB LIL JOE&WHIZKEY', 'COBERTURA LIL JOE CASH - LOTE 100CD - 3º LEILÃO JBJ RANCH E AMIGOS', 'DISTRATOS', 115200.0, false),
  ('3fa02acb-badd-49e1-8a73-e0b392e2421e', 'COBERTURA SPOOKS GOTTA WHIZ- DOADORA MY CHICS GOT GUNS -DOC 001 MVCF 014', NULL, 'MARCUS BUSINESS E IMPORTS LTDA ( QUARTER ASSETS MANAGEMET LTDA) - CNPJ: 57394625000100', 'ef5b5974-7015-44e4-89a6-ebb6e8573838', 'COB SPOOKS MY CHICS', '100% COBERTURA SPOOKS GOTTA WHIZ- DOADORA MY CHICS GOT GUNS -DOC 001 MVCF 014 MSH', 'VENCIDO', 80000.0, false),
  ('b819108d-b1db-4f25-9284-bd28fdcc3466', 'COBERTURA -SPOOKS GOTTA WHIZ- DOADORA EBONY SMART Nº DOC--001- MVCF016', NULL, 'MARCUS BUSINESS E IMPORTS LTDA ( QUARTER ASSETS MANAGEMET LTDA) - CNPJ: 57394625000100', 'ef5b5974-7015-44e4-89a6-ebb6e8573838', 'COB SPOOKS-EBONYS', 'COBERTURA -SPOOKS GOTTA WHIZ- DOADORA EBONY SMART Nº DOC--001- MVCF016', 'VENCIDO', 20000.0, false),
  ('678b28e5-1824-4f21-8f21-3a2075c87dec', 'LEILAO THE LEGENDS-COBERTURA HOLLAND EASE 15/11/2024-50%', NULL, 'JOSE JONISMAR GONCALVES DANTAS - CPF: 23780070430', 'e8891cec-798b-4f12-ae65-deb63e73696e', 'COB. HOLLAND EASE', 'LEILAO THE LEGENDS-COBERTURA HOLLAND EASE 15/11/2024-50%', 'PAGO', 25000.0, false),
  ('9fbdc2bd-581a-4f15-bd88-41d10695c5e3', 'LEILAO THE LEGENDS-COBERTURA HOLLAND EASE 15/11/2024-50%', NULL, 'JOSE JONISMAR GONCALVES DANTAS - CPF: 23780070430', 'e8891cec-798b-4f12-ae65-deb63e73696e', 'COB. HOLLAND EASE', 'LEILAO THE LEGENDS-COBERTURA HOLLAND EASE 15/11/2024-50%', 'VENCIDO', 80000.0, false),
  ('907e90a2-bd51-4e7c-b097-25184c89c719', 'LEILAO THE LEGENDS-COBERTURA HOLLAND EASE 15/11/2024-50%', NULL, 'JOSE JONISMAR GONCALVES DANTAS - CPF: 23780070430', 'e8891cec-798b-4f12-ae65-deb63e73696e', 'COB. HOLLAND EASE', 'LEILAO THE LEGENDS-COBERTURA HOLLAND EASE 15/11/2024-50%', 'A_VENCER', 195000.0, false),
  ('b8d91146-bffb-4312-9d6b-22455778b498', 'LITTLER LÉO DO BRASIL - 12/04/2025- COBERTURA LITTLER LEO', NULL, 'LITTLER LEO DO BRASIL LTDA', '25838efa-8bde-4871-85d0-d863ee5f635f', 'COB. LITTLER LEO', 'Littler Léo do Brasil - 12/04/2025- COBERTURA LITTLER LEO RQH', 'PAGO', 12000.0, false),
  ('8a364755-bd40-4c78-a37d-57f668f11dad', 'LITTLER LÉO DO BRASIL - 12/04/2025- COBERTURA LITTLER LEO', NULL, 'LITTLER LEO DO BRASIL LTDA', '25838efa-8bde-4871-85d0-d863ee5f635f', 'COB. LITTLER LEO', 'Littler Léo do Brasil - 12/04/2025- COBERTURA LITTLER LEO RQH', 'VENCIDO', 84000.0, false),
  ('b2d230b7-447a-42b7-a41f-f6479e45098b', 'LITTLER LÉO DO BRASIL - 12/04/2025- COBERTURA LITTLER LEO', NULL, 'LITTLER LEO DO BRASIL LTDA', '25838efa-8bde-4871-85d0-d863ee5f635f', 'COB. LITTLER LEO', 'Littler Léo do Brasil - 12/04/2025- COBERTURA LITTLER LEO RQH', 'A_VENCER', 204000.0, false),
  ('26389a69-75ad-42ac-8df4-376a65a20e59', 'WOOD ZORRERO', '2ee695e2-5726-42e7-a5a9-a734de44834d', 'PAULO CESAR REBEIS FARHA', 'c5af0eb6-07db-4e7f-9836-09d4e9c85a6f', 'COBERTURA KR MOOSE', '18 CARUANA E PROMISSAO - 18/10/20224 - COBERTURAS - KR MOOSE ANEXADO MAPA COMPRA', 'PAGO', 6000.0, true),
  ('d20ccfbd-0039-4018-b3f5-c2a462be74ce', 'WOOD ZORRERO', '2ee695e2-5726-42e7-a5a9-a734de44834d', 'PAULO CESAR REBEIS FARHA', 'c5af0eb6-07db-4e7f-9836-09d4e9c85a6f', 'COBERTURA KR MOOSE', '18 CARUANA E PROMISSAO - 18/10/20224 - COBERTURAS - KR MOOSE ANEXADO MAPA COMPRA', 'VENCIDO', 12000.0, true),
  ('cfde9301-e4a2-45d6-93ea-ceb5214de4a2', 'POTRAS FRANGE - CONQUISTA  DUNA', '0ee4409e-4f40-4e97-aa9d-71d0aa2be887', 'ANTONIO FRANGE JUNIOR', 'b6d2c560-1a88-4f83-bef0-1c4870527e2b', 'CONQUISTA DUNA', 'CONQUISTA DUNA AVFJ - LOTE 05 - 3º LEILÃO HARAS FRANGE', 'PAGO', 208000.0, true),
  ('4d9ad403-376e-400b-a77e-30bd06e20f0b', 'POTRAS FRANGE - CONQUISTA  DUNA', '0ee4409e-4f40-4e97-aa9d-71d0aa2be887', 'ANTONIO FRANGE JUNIOR', 'b6d2c560-1a88-4f83-bef0-1c4870527e2b', 'CONQUISTA DUNA', 'CONQUISTA DUNA AVFJ - LOTE 05 - 3º LEILÃO HARAS FRANGE', 'VENCIDO', 117000.0, true),
  ('31a00e10-714c-46d6-8fb4-a55f8d8ad55c', 'POTRAS FRANGE - CONQUISTA  DUNA', '0ee4409e-4f40-4e97-aa9d-71d0aa2be887', 'ANTONIO FRANGE JUNIOR', 'b6d2c560-1a88-4f83-bef0-1c4870527e2b', 'CONQUISTA DUNA', 'CONQUISTA DUNA AVFJ - LOTE 05 - 3º LEILÃO HARAS FRANGE', 'A_VENCER', 195000.0, true),
  ('366a8010-814b-47c1-9925-e09d2a448d56', 'POTRAS FRANGE - CONQUISTA GUNNER', '578ca382-c8ab-48eb-b1b5-3def75ba3e0f', 'ANTONIO FRANGE JUNIOR', 'b6d2c560-1a88-4f83-bef0-1c4870527e2b', 'CONQUISTA GUNNER', 'CONQUISTA GUNNER AVFJ - LOTE 03 - 3º LEILÃO HARAS FRANGE', 'PAGO', 199000.0, true),
  ('6ba8df50-8e85-467b-a381-c8896539844d', 'POTRAS FRANGE - CONQUISTA GUNNER', '578ca382-c8ab-48eb-b1b5-3def75ba3e0f', 'ANTONIO FRANGE JUNIOR', 'b6d2c560-1a88-4f83-bef0-1c4870527e2b', 'CONQUISTA GUNNER', 'CONQUISTA GUNNER AVFJ - LOTE 03 - 3º LEILÃO HARAS FRANGE', 'VENCIDO', 117000.0, true),
  ('7a8ed0fb-8337-49b6-a805-2e78f10d275b', 'POTRAS FRANGE - CONQUISTA GUNNER', '578ca382-c8ab-48eb-b1b5-3def75ba3e0f', 'ANTONIO FRANGE JUNIOR', 'b6d2c560-1a88-4f83-bef0-1c4870527e2b', 'CONQUISTA GUNNER', 'CONQUISTA GUNNER AVFJ - LOTE 03 - 3º LEILÃO HARAS FRANGE', 'A_VENCER', 195000.0, true),
  ('0e581cc8-6bfd-48f6-b83f-84dc0ae56706', 'POTRAS FRANGE - CONQUISTA GUNNER', '578ca382-c8ab-48eb-b1b5-3def75ba3e0f', 'ANTONIO FRANGE JUNIOR', 'b6d2c560-1a88-4f83-bef0-1c4870527e2b', 'CONQUISTA GUNNER 0', 'Ref. Doc 005005, Parcela 8, Vencimento 08/03/2025', 'PAGO', 9000.0, true),
  ('96d0b537-5375-4696-9261-443eb9c59631', 'POTRAS FRANGE - CONQUISTA  DUNA', '0ee4409e-4f40-4e97-aa9d-71d0aa2be887', 'ANTONIO FRANGE JUNIOR', 'b6d2c560-1a88-4f83-bef0-1c4870527e2b', 'CONQUISTA WHIZ AVFJ', 'CONQUISTA WHIZ AVFJ - LOTE 04 - 3º LEILÃO HARAS FRANGE', 'PAGO', 26000.0, true),
  ('1f5e722b-1aed-401c-afb6-e036ea22d7cc', 'POTRAS FRANGE - CONQUISTA  DUNA', '0ee4409e-4f40-4e97-aa9d-71d0aa2be887', 'ANTONIO FRANGE JUNIOR', 'b6d2c560-1a88-4f83-bef0-1c4870527e2b', 'CONQUISTA WHIZ AVFJ', 'CONQUISTA WHIZ AVFJ - LOTE 04 - 3º LEILÃO HARAS FRANGE', 'DISTRATOS', 494000.0, true),
  ('906b0e51-a35c-4e48-98db-b90d96f3bf28', 'BIG BOY GUNNER', '81475aa1-fbf8-46fc-9575-7d4fe75f378a', 'DANIEL DE PAULA MARTINS BERGAMINI - CPF: 26648324848', 'e15f39e9-1d83-4248-917b-ce8043d99f93', 'DANEIL BIGBOY GUNNER', 'DR. WORKING HORSES 27/07/24 - CAVALO BIGBOY GUNNER', 'PAGO', 21000.0, true),
  ('1251d55f-8d82-4fbe-88d3-b5378f350af3', 'BIG BOY GUNNER', '81475aa1-fbf8-46fc-9575-7d4fe75f378a', 'DANIEL DE PAULA MARTINS BERGAMINI - CPF: 26648324848', 'e15f39e9-1d83-4248-917b-ce8043d99f93', 'DANEIL BIGBOY GUNNER', 'DR. WORKING HORSES 27/07/24 - CAVALO BIGBOY GUNNER', 'VENCIDO', 37800.0, true),
  ('eefcba01-3d7a-4dda-aaa5-03898e640d98', 'BIG BOY GUNNER', '81475aa1-fbf8-46fc-9575-7d4fe75f378a', 'DANIEL DE PAULA MARTINS BERGAMINI - CPF: 26648324848', 'e15f39e9-1d83-4248-917b-ce8043d99f93', 'DANEIL BIGBOY GUNNER', 'DR. WORKING HORSES 27/07/24 - CAVALO BIGBOY GUNNER', 'A_VENCER', 25200.0, true),
  ('e85a489c-bbd7-449f-8491-8efcc04b8ede', 'DINASTIA', '505fe400-4e5b-4afd-a245-abc179476dc1', 'CAFULA AGROPECUARIA(JCN RANCH) - CNPJ: 05956202000125', '765b7cce-7e7f-4d4f-9b44-982e7044399e', 'DINASTIA', '25% DINASTIA APOLLO ROXO - LOTE 400 - CAFULA EXPERIENCE 2024', 'PAGO', 300000.0, true),
  ('74c91d45-0941-4e22-988b-389428d33b6e', 'DINASTIA', '505fe400-4e5b-4afd-a245-abc179476dc1', 'CAFULA AGROPECUARIA(JCN RANCH) - CNPJ: 05956202000125', '765b7cce-7e7f-4d4f-9b44-982e7044399e', 'DINASTIA', '25% DINASTIA APOLLO ROXO - LOTE 400 - CAFULA EXPERIENCE 2024', 'VENCIDO', 800000.0, true),
  ('7fa1b131-5572-43a1-a0f4-fddd42d97b40', 'DINASTIA', '505fe400-4e5b-4afd-a245-abc179476dc1', 'CAFULA AGROPECUARIA(JCN RANCH) - CNPJ: 05956202000125', '765b7cce-7e7f-4d4f-9b44-982e7044399e', 'DINASTIA', '25% DINASTIA APOLLO ROXO - LOTE 400 - CAFULA EXPERIENCE 2024', 'A_VENCER', 3900000.0, true),
  ('5a494681-66a5-4dd6-be5d-9578002e568a', 'DINASTIA', '505fe400-4e5b-4afd-a245-abc179476dc1', 'CHAGAS E CHAGAS COMPRA E VENDAS DE CAVALOS - CNPJ: 31707569000115', '2b2e325f-5aac-4ffa-817c-d4eb477227e9', 'DINASTIA', 'COMPRA DINASTIA APOLLO ROXO 1 LEILAO DON TORO XJGC', 'PAGO', 1650000.0, true),
  ('9de0bfaa-fbde-4bf4-b579-fff902c3d799', 'DINASTIA', '505fe400-4e5b-4afd-a245-abc179476dc1', 'CHAGAS E CHAGAS COMPRA E VENDAS DE CAVALOS - CNPJ: 31707569000115', '2b2e325f-5aac-4ffa-817c-d4eb477227e9', 'DINASTIA', 'COMPRA DINASTIA APOLLO ROXO 1 LEILAO DON TORO XJGC', 'VENCIDO', 2100000.0, true),
  ('ec547f93-0551-495a-afa9-9a39ca394bbc', 'DINASTIA', '505fe400-4e5b-4afd-a245-abc179476dc1', 'CHAGAS E CHAGAS COMPRA E VENDAS DE CAVALOS - CNPJ: 31707569000115', '2b2e325f-5aac-4ffa-817c-d4eb477227e9', 'DINASTIA', 'COMPRA DINASTIA APOLLO ROXO 1 LEILAO DON TORO XJGC', 'A_VENCER', 2250000.0, true),
  ('da623308-6de6-404a-9a59-17bf58c1e2a0', 'DINASTIA', '505fe400-4e5b-4afd-a245-abc179476dc1', 'ELDER MARQUES FONTES - CPF: 01650658508', '1a751039-1158-44da-b0cc-9073165e6f92', 'DINASTIA', '25% DINASTIA APOLLO ROXO - LOTE 400 - CAFULA EXPERIENCE 2024 - 31/10/2024', 'PAGO', 200000.0, true),
  ('81c022db-d74d-4bb3-80db-6a11fb6bb849', 'DINASTIA', '505fe400-4e5b-4afd-a245-abc179476dc1', 'ELDER MARQUES FONTES - CPF: 01650658508', '1a751039-1158-44da-b0cc-9073165e6f92', 'DINASTIA', '25% DINASTIA APOLLO ROXO - LOTE 400 - CAFULA EXPERIENCE 2024 - 31/10/2024', 'VENCIDO', 900000.0, true),
  ('d4959777-ffd3-41b4-98cf-cb5813308f75', 'DINASTIA', '505fe400-4e5b-4afd-a245-abc179476dc1', 'ELDER MARQUES FONTES - CPF: 01650658508', '1a751039-1158-44da-b0cc-9073165e6f92', 'DINASTIA', '25% DINASTIA APOLLO ROXO - LOTE 400 - CAFULA EXPERIENCE 2024 - 31/10/2024', 'A_VENCER', 3900000.0, true),
  ('c952f763-32c0-46c4-b437-7afc23fe3751', 'COMPRA QUARTO DE MILHA FEMEA  WATTA DOLP303397', NULL, 'ALEXANDRE ARAUJO TOMAZ NETTO - CPF: 76118444153', 'ee13d3ca-1bca-46ac-aa61-1e2108ecc879', 'DISTRATO - WHATTA DO', 'COMPRA QUARTO DE MILHA FEMEA  WATTA DOLP303397', 'PAGO', 150000.0, false),
  ('eb8cc7f4-34a3-4a3d-a0b6-a59168237259', 'SMART LENA', 'b44a458c-18b0-4a8b-a9b3-2890aa432b28', 'R. LINS RIOS ( RAFAEL LINS RIOS)-FAZENDA ESPERANCA - CPF: 01894001109', '1f5692a1-23dc-43b8-b3b7-81952de55940', 'DISTRATO SMART LENA', 'DISTRATO SEM MINUTA-VIRTUAL HARAS ZA E AMIGOS 14/11/24- 100%- SMART LENA CAT', 'PAGO', 8500.0, true),
  ('dab69520-9a30-4e95-8e34-3b523ff58988', 'BUENA STARNITE', '974f170c-2205-460b-8f4d-28cab487c633', 'NOW COBRANCAS (PEDRO HENRIQUE PAVAN)', '7af44b5b-cff1-40c2-8518-5001b5a3949d', 'DISTRATO-BUENA STAR', 'DISTRATO SEM MINUTA - VIRTUAL SELECT SHOW 04/11/2024', 'PAGO', 2500.0, true),
  ('d8dcaf40-65fc-467c-b912-9ca44fad18bf', 'DIVA EASE', '6760aa18-dfa0-48a0-8434-90a6ca9c8a64', 'RANCHO FELIX CRIACAO DE EQUINO - GUILHERME SANDOVAL G. MARINI - CNPJ: 40064044000108', '7a8b9744-b9a2-471b-a644-506b4995081d', 'DISTRATO-DIVA EASE', 'LEILAO RANCHO FELIX E ARAGON APOLLO- EDICAO 03/08/2024- DIVA EASE RAID/FEMEA', 'PAGO', 135000.0, true),
  ('77f311fd-2b3a-40a9-a5b6-1d130d235399', 'DONA APOLO', 'f9a61a3a-c1ec-4b44-a97c-ae66facd467a', 'LUCIANO CHAVES GONCALVES - CPF: 51722607491', '9cbf9561-39f0-406e-95c6-20975225c507', 'DISTRATO-DONA APOLO', 'LEILAO GENETICA HJG 2024 - DONA APOLO DIEGO 10/09/24 100%', 'PAGO', 21000.0, true),
  ('ac2131bd-e552-4ef5-af88-e9f14af13e69', 'DUCK BAR MIM', '43a19f1f-5812-4ba0-97b6-83269c6a3e22', 'VIGOLVINO CALISTO DA SILVA NETTO - CPF: 04522405499', '33f9086b-9445-4285-ab7b-534d96aaab13', 'DISTRATO-DUCK', 'DISTRATO SEM MINUTA-CONTRATO PARTICULAR COMPRA E VENDA CAVALO DUCK BAR MIM', 'PAGO', 90000.0, true),
  ('958bd74a-dfc1-4f31-b77b-d9a442008edf', 'NOBREZA JECK', '13565087-de9b-40dc-98cc-f357f5278870', 'JOSE ARIMATEIAS DE LEMOS (EMPRENDIMENTOS E E M LTDA) - CPF: 38147238487', 'e19f8c9b-67d9-4575-9b2d-40457c3c7748', 'DISTRATO-NOBREZA', 'DISTRATO SEM MINUTA-9 LEILAO HOLLAND JECK 19/11/24- NOBREZA JECK 50%', 'PAGO', 112000.0, true),
  ('50a7c53b-ec94-40a3-b8ab-d822e28e93c6', 'NOBREZA JECK', '13565087-de9b-40dc-98cc-f357f5278870', 'JOSE ARIMATEIAS DE LEMOS (EMPRENDIMENTOS E E M LTDA) - CPF: 38147238487', 'e19f8c9b-67d9-4575-9b2d-40457c3c7748', 'DISTRATO-NOBREZA', 'DISTRATO SEM MINUTA-9 LEILAO HOLLAND JECK 19/11/24- NOBREZA JECK 50%', 'DISTRATOS', 588000.0, true),
  ('95a9b2eb-f949-445d-abda-423361e53e03', 'DONATELA APOLLO', '4c153cad-01a0-42db-95c3-d760cf89c3a7', 'CAFULA AGROPECUARIA(JCN RANCH) - CNPJ: 05956202000125', '765b7cce-7e7f-4d4f-9b44-982e7044399e', 'DONATELA APOLLO', '50% DONATELA APOLLO - LOTE 07 - CAFULA EXPERIENCE 2024', 'PAGO', 58250.0, true),
  ('60daecd2-7eb0-48eb-a885-a40c6aa2cdad', 'DONATELA APOLLO', '4c153cad-01a0-42db-95c3-d760cf89c3a7', 'CAFULA AGROPECUARIA(JCN RANCH) - CNPJ: 05956202000125', '765b7cce-7e7f-4d4f-9b44-982e7044399e', 'DONATELA APOLLO', '50% DONATELA APOLLO - LOTE 07 - CAFULA EXPERIENCE 2024', 'VENCIDO', 326750.0, true),
  ('c89aee6d-0533-4e54-bfd5-8484616e8d50', 'DONATELA APOLLO', '4c153cad-01a0-42db-95c3-d760cf89c3a7', 'CAFULA AGROPECUARIA(JCN RANCH) - CNPJ: 05956202000125', '765b7cce-7e7f-4d4f-9b44-982e7044399e', 'DONATELA APOLLO', '50% DONATELA APOLLO - LOTE 07 - CAFULA EXPERIENCE 2024', 'A_VENCER', 315000.0, true),
  ('a0662fd1-25ac-40f1-aba9-6b941185736f', 'DONATELA APOLLO', '4c153cad-01a0-42db-95c3-d760cf89c3a7', 'EDUARDO PRADO DE OLIVEIRA JUNIOR - CPF: 91350565504', '482c09fc-dd71-4919-921b-7c168dc8d6c4', 'DONATELA APOLLO', 'DONATELA APOLLO - LOTE 07 - LEILÃO CAFULA 2024', 'PAGO', 262500.0, true),
  ('3460b907-bf8f-45e1-b6b1-4aa98274e9ce', 'DONATELA APOLLO', '4c153cad-01a0-42db-95c3-d760cf89c3a7', 'EDUARDO PRADO DE OLIVEIRA JUNIOR - CPF: 91350565504', '482c09fc-dd71-4919-921b-7c168dc8d6c4', 'DONATELA APOLLO', 'DONATELA APOLLO - LOTE 07 - LEILÃO CAFULA 2024', 'VENCIDO', 122500.0, true),
  ('38962a3f-21e1-4337-947a-668432ae5e17', 'DONATELA APOLLO', '4c153cad-01a0-42db-95c3-d760cf89c3a7', 'EDUARDO PRADO DE OLIVEIRA JUNIOR - CPF: 91350565504', '482c09fc-dd71-4919-921b-7c168dc8d6c4', 'DONATELA APOLLO', 'DONATELA APOLLO - LOTE 07 - LEILÃO CAFULA 2024', 'A_VENCER', 315000.0, true),
  ('b85bf0d9-616d-43fc-b9f4-d51aa5a6399e', 'EASE JECK', 'fd653b40-63a8-4189-be54-399b6e59313d', 'AGROMAIS HORSE LTDA - CNPJ: 57462661000156', 'fa6f8b01-78c8-449a-b733-d11879c2702a', 'Distrato The Legends', 'QUITADO - 50% CRISTAL EASE SUS PFF - LOTE 009.B1 - LEILÃO THE LEGENDS', 'PAGO', 88000.0, true),
  ('8d79317d-fed0-435b-a9b1-f66486000f05', 'EASE JECK', 'fd653b40-63a8-4189-be54-399b6e59313d', 'AGROPECUARIA GRATIDAO - CNPJ: 32785158000100', '1e32763e-7873-4de7-8c4a-fd1fcc5f6ac9', 'Distrato The Legends', 'QUITADO - 50% CRISTAL EASE SUS PFF - LOTE 009.A1 - LEILÃO THE LEGENDS', 'PAGO', 88000.0, true),
  ('21cd6d93-c270-4b2a-8ff2-b6d3d528d7c7', 'YELLOW DIEGO', '8ce3c797-85d7-4d3b-9a4e-cb5ba0b2d1f5', 'AGROPECUARIA BERNARDI LTDA(EGLON LUIZ BERNARDI) - CNPJ: 59688575000191', '7b3dfca5-90fa-4d4f-8d84-44a35acf000b', 'EGLON -YELLOW', 'YELLOW DIEGO HJG - LOTE 018 - LEILÃO THE LEGENDS', 'PAGO', 120600.0, true),
  ('3a20ae77-a982-41d9-860c-8fc51cd336be', 'YELLOW DIEGO', '8ce3c797-85d7-4d3b-9a4e-cb5ba0b2d1f5', 'AGROPECUARIA BERNARDI LTDA(EGLON LUIZ BERNARDI) - CNPJ: 59688575000191', '7b3dfca5-90fa-4d4f-8d84-44a35acf000b', 'EGLON -YELLOW', 'YELLOW DIEGO HJG - LOTE 018 - LEILÃO THE LEGENDS', 'DISTRATOS', 1487400.0, true),
  ('e1668a0c-6b1e-4d8e-b7f4-929d9f22db1d', 'PALOMITA SAN', '58b7b48b-6fca-4381-8917-fcaf521f4b65', 'ELDER MARQUES FONTES - CPF: 01650658508', '1a751039-1158-44da-b0cc-9073165e6f92', 'ELDER- PALOMITA', 'CAFULA 22/11/2024 25% PALOMITA SAN- OBS. 1 ATE 3º R$ 8000,00 4ºA 39º 2000,00 ACORDO JAPAO-28/11/2024', 'PAGO', 5000.0, true),
  ('e712ad84-4b2e-4e24-8bf5-604e23ed1d0e', 'PALOMITA SAN', '58b7b48b-6fca-4381-8917-fcaf521f4b65', 'ELDER MARQUES FONTES - CPF: 01650658508', '1a751039-1158-44da-b0cc-9073165e6f92', 'ELDER- PALOMITA', 'CAFULA 22/11/2024 25% PALOMITA SAN- OBS. 1 ATE 3º R$ 8000,00 4ºA 39º 2000,00 ACORDO JAPAO-28/11/2024', 'VENCIDO', 39000.0, true),
  ('76277421-7146-414b-976b-6c6f3531bbc6', 'PALOMITA SAN', '58b7b48b-6fca-4381-8917-fcaf521f4b65', 'ELDER MARQUES FONTES - CPF: 01650658508', '1a751039-1158-44da-b0cc-9073165e6f92', 'ELDER- PALOMITA', 'CAFULA 22/11/2024 25% PALOMITA SAN- OBS. 1 ATE 3º R$ 8000,00 4ºA 39º 2000,00 ACORDO JAPAO-28/11/2024', 'A_VENCER', 36000.0, true),
  ('2d75c138-b255-468f-ba60-4fd93bf36544', 'DOURADA APOLLO', 'a02d3f62-f38e-471a-a515-fc5159acff4a', 'ERONILDO MACEDO DA SILVA  (JLM RANCH) - CPF: 68728662504', '6098d3c0-74a3-4f80-9498-b76aa9075282', 'ERONILDO- DOURADA', 'PAGO PELO LEANDRO - CONTRATO COMPRA E VENDA ANIMAL EQUINO-  DOURADA APOLLO TEARS', 'PAGO', 57500.0, true),
  ('dbfd90a1-1940-4ce4-91f7-6b18baa3715a', 'DOURADA APOLLO', 'a02d3f62-f38e-471a-a515-fc5159acff4a', 'ERONILDO MACEDO DA SILVA  (JLM RANCH) - CPF: 68728662504', '6098d3c0-74a3-4f80-9498-b76aa9075282', 'ERONILDO- DOURADA', 'PAGO PELO LEANDRO - CONTRATO COMPRA E VENDA ANIMAL EQUINO-  DOURADA APOLLO TEARS', 'VENCIDO', 60000.0, true),
  ('e8a95817-e82a-4ecc-89dd-ffc3089a816c', 'ETERNALA JECK', 'd3fe50a7-fc84-4af5-b681-451026e21ea1', 'JM3N GEST. SOCIET. E DE IMOVEIS PROPRIOS - CNPJ: 45273898000100', '613ade03-df04-4bce-a4e3-a7d1579adb8c', 'ETERNALA JECK', 'LEILÃO ARMADO FIT SUMMER 2024- 100% ETERNALA JECK /FEMEA', 'PAGO', 207500.0, true),
  ('e3b9f7dd-607e-428b-a5fc-b0afd17b19a3', 'ETERNALA JECK', 'd3fe50a7-fc84-4af5-b681-451026e21ea1', 'JM3N GEST. SOCIET. E DE IMOVEIS PROPRIOS - CNPJ: 45273898000100', '613ade03-df04-4bce-a4e3-a7d1579adb8c', 'ETERNALA JECK', 'LEILÃO ARMADO FIT SUMMER 2024- 100% ETERNALA JECK /FEMEA', 'VENCIDO', 539500.0, true),
  ('0eec7983-2fa2-4f48-8c41-0a55797ba6e8', 'ETERNALA JECK', 'd3fe50a7-fc84-4af5-b681-451026e21ea1', 'JM3N GEST. SOCIET. E DE IMOVEIS PROPRIOS - CNPJ: 45273898000100', '613ade03-df04-4bce-a4e3-a7d1579adb8c', 'ETERNALA JECK', 'LEILÃO ARMADO FIT SUMMER 2024- 100% ETERNALA JECK /FEMEA', 'A_VENCER', 913000.0, true),
  ('8ed28cd4-7abc-46e4-8366-e4a72077f636', 'LIZ FAST GIRL', '866fbcc1-504b-46e9-8a80-53805e106961', 'FAUZET FARHA', '47d8c9d2-2419-4d1c-a4ae-e3bf56ab6315', 'FAUZET /LIZ FAST', '18 CARUANA & PROMISSAO 18/10/2024 -  LIS FAST GIRL  P34498- OBS ENTRADA P/CRIAR LEILOEIRA', 'PAGO', 14000.0, true),
  ('7391b150-2f7d-414a-b25f-db1664807050', 'FILHO DO INQUESTIONAVEL - 8 PARCELAS DE R$ 10.000 (SEM CONTRATO)', NULL, 'CELSO VITORIO DOS SANTOS (VALDINEA MARIA ALVES OMENA) JOELMA P DOS SANTOS PIX - CPF: 00927375443', '6a4edf82-3940-4ee7-8ce2-d40fb2a1ae07', 'FILHO - INQUESTIONA', 'FILHO DO INQUESTIONAVEL - 8 PARCELAS DE R$ 10.000 (SEM CONTRATO)', 'PAGO', 20000.0, false),
  ('3507e95e-2746-49ab-8fed-04d4ea4146e1', 'FILHO DO INQUESTIONAVEL - 8 PARCELAS DE R$ 10.000 (SEM CONTRATO)', NULL, 'CELSO VITORIO DOS SANTOS (VALDINEA MARIA ALVES OMENA) JOELMA P DOS SANTOS PIX - CPF: 00927375443', '6a4edf82-3940-4ee7-8ce2-d40fb2a1ae07', 'FILHO - INQUESTIONA', 'FILHO DO INQUESTIONAVEL - 8 PARCELAS DE R$ 10.000 (SEM CONTRATO)', 'VENCIDO', 20000.0, false),
  ('230fadd7-585a-4bb0-9cb4-84912e3a4fbd', 'FILHO DO INQUESTIONAVEL - 8 PARCELAS DE R$ 10.000 (SEM CONTRATO)', NULL, 'CELSO VITORIO DOS SANTOS (VALDINEA MARIA ALVES OMENA) JOELMA P DOS SANTOS PIX - CPF: 00927375443', '6a4edf82-3940-4ee7-8ce2-d40fb2a1ae07', 'FILHO - INQUESTIONA', 'FILHO DO INQUESTIONAVEL - 8 PARCELAS DE R$ 10.000 (SEM CONTRATO)', 'A_VENCER', 40000.0, false),
  ('0d604236-2127-4743-af06-75381372f1d2', 'SIXTY SIX SECRETS', 'c081cccf-e65f-4591-8117-2d8f18c7f84a', 'FRANCO BERTOLANI - CPF: 21296261816', '9131a8fe-fed7-4987-963e-0000aff721f8', 'FRANCO BERTO- SIXTY', 'R$ 60.000 DEVEMOS RECEBER A ENTRADA DO LEILAO MONTE SIÃO 02/12/2024 - 100% SIXTY SIX SECRETS', 'PAGO', 90000.01, true),
  ('02180bee-f116-47b8-be2c-ef06fe8a8174', 'SIXTY SIX SECRETS', 'c081cccf-e65f-4591-8117-2d8f18c7f84a', 'FRANCO BERTOLANI - CPF: 21296261816', '9131a8fe-fed7-4987-963e-0000aff721f8', 'FRANCO BERTO- SIXTY', 'R$ 60.000 DEVEMOS RECEBER A ENTRADA DO LEILAO MONTE SIÃO 02/12/2024 - 100% SIXTY SIX SECRETS', 'VENCIDO', 480000.0, true),
  ('0c794af8-99d5-42a6-a5e1-c884b0b82fc2', 'SIXTY SIX SECRETS', 'c081cccf-e65f-4591-8117-2d8f18c7f84a', 'FRANCO BERTOLANI - CPF: 21296261816', '9131a8fe-fed7-4987-963e-0000aff721f8', 'FRANCO BERTO- SIXTY', 'R$ 60.000 DEVEMOS RECEBER A ENTRADA DO LEILAO MONTE SIÃO 02/12/2024 - 100% SIXTY SIX SECRETS', 'A_VENCER', 870000.0, true),
  ('607b1e85-7828-4d58-8099-3b94c3905833', 'CONAN DELL RANCHO', '4145346e-ee69-40ac-9fb6-b65989a02bc6', 'FREDERICO GUILHERME ROCHA BEZERRA', 'c3a5dc21-54ce-4b3b-858f-26c9e5eb5489', 'FREDERICO CONAN', '18 CARUANA & PROMISSAO 18/10/2024 -  CONAN DEL', 'PAGO', 13800.0, true),
  ('73829f55-6832-4866-aa5f-afb84be8ac91', 'HENRYETA JECK', '74c10cd0-0912-4e64-8e8a-64ec91c8789f', 'GENETICA ADITIVA AGROPECUARIA LTDA', 'a276d078-057b-4eab-900b-fd13ec982ff4', 'GENETICA ADI.NEGO', '9° Primavera Genética Aditiva - 3ª Dia - 05/10/2022', 'PAGO', 12950.0, true),
  ('1319c891-ec73-4658-be8a-03b8e51e8142', '5° GENÉTICA ADITIVA EXPOGENÉTICA - 24/08/2022', NULL, 'GENETICA ADITIVA AGROPECUARIA LTDA', 'a276d078-057b-4eab-900b-fd13ec982ff4', 'GENETICA ADITIVA 24/', '5° Genética Aditiva Expogenética - 24/08/2022', 'PAGO', 353760.0, false),
  ('5a989d6f-0a30-4c0d-b312-f3aab65f2e41', 'EXPECTOR (50%)', '70334ed0-6c1b-46d9-901b-c7cbae67c8eb', 'GERALDO JOSE DE MORAES GUERRA NETO - CPF: 07454348432', 'de74c719-b23e-43da-a487-c26c56924036', 'GERALDO/EXPECTOR', 'CONTRATO REF CAVALO HFJ EXPECTOR FIT -50%', 'PAGO', 80000.0, true),
  ('5a03abc4-108b-48cd-ad3b-ae5edf05c67a', 'EXPECTOR (50%)', '70334ed0-6c1b-46d9-901b-c7cbae67c8eb', 'GERALDO JOSE DE MORAES GUERRA NETO - CPF: 07454348432', 'de74c719-b23e-43da-a487-c26c56924036', 'GERALDO/EXPECTOR', 'CONTRATO REF CAVALO HFJ EXPECTOR FIT -50%', 'VENCIDO', 20000.0, true),
  ('7e6dccd9-7341-4ed8-a5a5-7bf0b90f2a39', 'PALE BLACK', '36854e52-c7a9-4498-8caf-ce1ae2471bef', 'GILMAR MANDOTTI GARCIA - CPF: 26787703899', '9d1a24b6-d3f8-402f-a186-7bb9ffeb320d', 'GILMAR  PALE BLACK', 'LEILAO MONTE SIAO 02/12/24 - ANEXADO MP.COMPRA EGUA PALE MBLACK MOON  LT 23', 'PAGO', 60000.0, true),
  ('6397838f-64f9-42af-849a-9f3fea88490e', 'NATCHE APOLO', '80c82e88-d061-4b39-a4f6-7ef9444fa7d4', 'GLEYSON SANTOS DE MELLO SILVA (RAIMUNDO SOARES VELOSO SOBRINHO) - CPF: 05177399419', '25ac4832-7dcc-41c1-ac36-cf53598e7f86', 'GLEYSON NATCHE APOLL', 'CONTRATO NATCHE APOLLLO ROXO,CONTRATO 300.000,00 + RENEGOCIADO RENATO 250.000,00', 'PAGO', 230000.0, true),
  ('88a61c17-8d95-4c32-b0cf-499ca2dc3641', 'NATCHE APOLO', '80c82e88-d061-4b39-a4f6-7ef9444fa7d4', 'GLEYSON SANTOS DE MELLO SILVA (RAIMUNDO SOARES VELOSO SOBRINHO) - CPF: 05177399419', '25ac4832-7dcc-41c1-ac36-cf53598e7f86', 'GLEYSON NATCHE APOLL', 'CONTRATO NATCHE APOLLLO ROXO,CONTRATO 300.000,00 + RENEGOCIADO RENATO 250.000,00', 'DESCONTOS', 20000.0, true),
  ('61ce8711-3e66-4c14-860e-3c2d896feafa', 'EASE JECK', 'fd653b40-63a8-4189-be54-399b6e59313d', 'AGROPECUARIA GRATIDAO - CNPJ: 32785158000100', '1e32763e-7873-4de7-8c4a-fd1fcc5f6ac9', 'GRATIDAO-EASE J', '1 LEILAO DONTORO XJGC -16,66% EASE JECK DIEGO', 'PAGO', 289205.4, true),
  ('8040d655-09c1-4b2a-ba18-d83f5552a407', 'EASE JECK', 'fd653b40-63a8-4189-be54-399b6e59313d', 'AGROPECUARIA GRATIDAO - CNPJ: 32785158000100', '1e32763e-7873-4de7-8c4a-fd1fcc5f6ac9', 'GRATIDAO-EASE J', '1 LEILAO DONTORO XJGC -16,66% EASE JECK DIEGO', 'VENCIDO', 307728.2, true),
  ('131cae71-2b41-4f9a-bd94-278d1de7fdd1', 'EASE JECK', 'fd653b40-63a8-4189-be54-399b6e59313d', 'AGROPECUARIA GRATIDAO - CNPJ: 32785158000100', '1e32763e-7873-4de7-8c4a-fd1fcc5f6ac9', 'GRATIDAO-EASE J', '1 LEILAO DONTORO XJGC -16,66% EASE JECK DIEGO', 'A_VENCER', 378742.4, true),
  ('1a6026fd-56b6-4fda-beb3-c56ef462507d', 'HANNAH APOLLO E POTRO', NULL, 'JANE EYRE QUEIROGA GOMES BARBOSA - CPF: 79832458404', 'b973de35-2dd7-49ae-bfa0-c8fa03a71ac4', 'HANNAH E POTRO', 'CONTRATO COMPRA E VENDAS - HANNAH AOLLO', 'PAGO', 60000.0, true),
  ('9dbb88bc-65cc-4a70-bdbe-7793c5a5e41e', 'HANNAH APOLLO E POTRO', NULL, 'JANE EYRE QUEIROGA GOMES BARBOSA - CPF: 79832458404', 'b973de35-2dd7-49ae-bfa0-c8fa03a71ac4', 'HANNAH E POTRO', 'CONTRATO COMPRA E VENDAS - HANNAH AOLLO', 'VENCIDO', 1200000.0, true),
  ('530cfdc4-7824-4790-a22f-28514a120fe7', 'HANNAH APOLLO E POTRO', NULL, 'JANE EYRE QUEIROGA GOMES BARBOSA - CPF: 79832458404', 'b973de35-2dd7-49ae-bfa0-c8fa03a71ac4', 'HANNAH E POTRO', 'CONTRATO COMPRA E VENDAS - HANNAH AOLLO', 'A_VENCER', 1080000.0, true),
  ('fad5ea38-fd1e-4dc7-a6c5-5e8dd16dc159', 'BARBARA FIT', '97b4d196-2686-48f3-ae4a-a4a189dd653c', 'HARAS AD E JRM', '958b9a11-3182-4847-90ab-ff1eba8c1388', 'HARAS AD -BARBARA', 'AD 2024-30/08/2024 compr EGUA BARBARA FIT', 'PAGO', 286000.0, true),
  ('69734db4-065a-4ffc-9028-6b25306a855e', 'DEBBY LAD STEEL', 'c4164aae-c6ca-4cb2-b2e7-cd35fe85e1c8', 'JAIRON MAIA FERNANDES NETO - CPF: 07599887490', '697fca08-841b-4cd4-8fda-193ef13b02c1', 'JAIRON- DEBBY', 'CONTRATO DE COMPRA E VENDA RESERVA DE DOMINIO -DEBBY LAD STEEL RCT', 'PAGO', 340000.0, true),
  ('842f26d8-be10-4897-9000-b665d0a8ca4f', 'DEBBY LAD STEEL', 'c4164aae-c6ca-4cb2-b2e7-cd35fe85e1c8', 'JAIRON MAIA FERNANDES NETO - CPF: 07599887490', '697fca08-841b-4cd4-8fda-193ef13b02c1', 'JAIRON- DEBBY', 'CONTRATO DE COMPRA E VENDA RESERVA DE DOMINIO -DEBBY LAD STEEL RCT', 'DESCONTOS', 40000.0, true),
  ('1332a7a7-4499-40ee-a622-6f3c7e47b47d', 'SIMARIA FLING', 'd25fd270-ee72-4a08-81a5-7811b654bca5', 'JAIRON MAIA FERNANDES NETO - CPF: 07599887490', '697fca08-841b-4cd4-8fda-193ef13b02c1', 'JAIRON- SIMARIA', 'CONTRATO COMPRA E VENDA- SIMARIA FLING HRRM', 'PAGO', 315000.0, true),
  ('2ac10bf3-3bc6-416b-843d-241111f0e4c2', 'SIMARIA FLING', 'd25fd270-ee72-4a08-81a5-7811b654bca5', 'JAIRON MAIA FERNANDES NETO - CPF: 07599887490', '697fca08-841b-4cd4-8fda-193ef13b02c1', 'JAIRON- SIMARIA', 'CONTRATO COMPRA E VENDA- SIMARIA FLING HRRM', 'DESCONTOS', 180000.0, true),
  ('4294d9b5-1652-477e-9a12-394a21b11340', 'TROIA APOLLO', '442202fe-4bfd-48a2-bde1-5546e2b6618d', 'JANE EYRE QUEIROGA GOMES BARBOSA - CPF: 79832458404', 'b973de35-2dd7-49ae-bfa0-c8fa03a71ac4', 'JANE -TROAIA APOLO', 'DISTRATO - COMPRA E VENDA TROIA APOLO', 'DISTRATOS', 10000000.0, true),
  ('92738d0e-3a3f-4c2f-8bcf-23d4279e1a85', 'SHINING SMART CHEX', '7e6cf6bd-03a2-4ea6-b795-5dc5c901d402', 'JBJ AGROPECUARIA LTDA (FAZENDA MODELO) - CNPJ: 15689716002320', 'c8b99c32-6669-4361-8ca7-191efde68c56', 'JBJ SHINING', 'LEILAO MONTE SIAO 02/12/2024 -  16,67% EGUA -SHINING SMARTY CHEX', 'PAGO', 33333.29, true),
  ('47921399-c4df-4654-a2de-dfa11453ba3e', 'SHINING SMART CHEX', '7e6cf6bd-03a2-4ea6-b795-5dc5c901d402', 'JBJ AGROPECUARIA LTDA (FAZENDA MODELO) - CNPJ: 15689716002320', 'c8b99c32-6669-4361-8ca7-191efde68c56', 'JBJ SHINING', 'LEILAO MONTE SIAO 02/12/2024 -  16,67% EGUA -SHINING SMARTY CHEX', 'DISTRATOS', 174999.84, true),
  ('cd815d2a-975d-4ee5-b3bb-e0dd3a1bd48f', 'MY CHICS GOT GUNS', '6c38b527-157f-4643-9c25-c94f4296f3e2', 'JBJ AGROPECUARIA LTDA (FAZENDA MODELO) - CNPJ: 15689716002320', 'c8b99c32-6669-4361-8ca7-191efde68c56', 'JBJ SIXTYSIY', '11 MARCAS DE OURO & CONVIDADOS DE ELITE 22/09/2024 ANEXADO MP COMPRA', 'PAGO', 14607.11, true),
  ('80cd5da0-a3b9-4cd4-9e46-0e7fb6caf997', 'LITTLE GOTA', '60556e6f-ba93-49f0-90d1-9bc210954f7b', 'JOAO CARLOS TEIXEIRA BERTATO', '358575e6-159b-45b3-b9d0-328601888f65', 'JOAO- LITTLE GOTA', '3 DR WORKING HORSES 27/07/2024  LITTLE GOTTA GAL EL -POTRA QUATRO DE MILHA', 'PAGO', 64600.0, true),
  ('8facd4f8-a769-45cb-b776-70a79cc497c5', 'LITTLE GOTA', '60556e6f-ba93-49f0-90d1-9bc210954f7b', 'JOAO CARLOS TEIXEIRA BERTATO', '358575e6-159b-45b3-b9d0-328601888f65', 'JOAO- LITTLE GOTA', '3 DR WORKING HORSES 27/07/2024  LITTLE GOTTA GAL EL -POTRA QUATRO DE MILHA', 'DESCONTOS', 3400.0, true),
  ('9b4c87ac-b96f-48eb-bf63-c5b23daca63d', 'SAMANTHA REMINIC UG', 'b4391c79-14de-47d5-aa14-6ac960b886ce', 'JOSE PAULO PEREIRA VALLONE - PHILLIP TOZI PEREIRA VALLONE - CNPJ: 08256589000103', '55bbdfe3-1193-48e8-9601-8483b98292ab', 'JOSE PAULO  -SAMANTA', 'DRº WORKING HORSES - 27/07/24 - SAMANTHA REMINIC UG LOTE 27', 'PAGO', 45000.0, true),
  ('30fcac7e-7dab-4133-a62a-b4920618f43c', 'HENRYETA JECK', '74c10cd0-0912-4e64-8e8a-64ec91c8789f', 'JULIO CESAR ARAGAO MORAES', '15dea03f-b7b8-4bd1-804f-e16abaa3da8f', 'JULIO /HENRY par 3', 'PGMTO PARCIAL 13/11-9 LEILAO RANCHO VALE RICO 11/10/2024- HENRYETTA JECK BSG- FEMEA', 'PAGO', 2500.0, true),
  ('153dabc5-b2f8-4bd9-802f-384b4a364de0', 'HENRYETA JECK', '74c10cd0-0912-4e64-8e8a-64ec91c8789f', 'JULIO CESAR ARAGAO MORAES', '15dea03f-b7b8-4bd1-804f-e16abaa3da8f', 'JULIO CESAR/HENRY', '9 LEILAO RANCHO VALE RICO 11/10/2024-  25% HENRYETTA JECK BSG- FEMEA', 'PAGO', 257500.0, true),
  ('3237cd93-14f3-4bf4-a798-fcbbc626c0db', 'HENRYETA JECK', '74c10cd0-0912-4e64-8e8a-64ec91c8789f', 'JULIO CESAR ARAGAO MORAES', '15dea03f-b7b8-4bd1-804f-e16abaa3da8f', 'JULIO CESAR/HENRY', '9 LEILAO RANCHO VALE RICO 11/10/2024-  25% HENRYETTA JECK BSG- FEMEA', 'VENCIDO', 487500.0, true),
  ('b0a23761-b328-4ad9-95d2-f5bb960dff1c', 'HENRYETA JECK', '74c10cd0-0912-4e64-8e8a-64ec91c8789f', 'JULIO CESAR ARAGAO MORAES', '15dea03f-b7b8-4bd1-804f-e16abaa3da8f', 'JULIO CESAR/HENRY', '9 LEILAO RANCHO VALE RICO 11/10/2024-  25% HENRYETTA JECK BSG- FEMEA', 'A_VENCER', 552500.0, true),
  ('cc0f3eb5-5bea-4f7b-944c-d37eb6544a2a', 'RARA VISTA', '924db1e7-90e7-4a69-a99d-ccf51c965d40', 'JULIO CESAR ARAGAO MORAES', '15dea03f-b7b8-4bd1-804f-e16abaa3da8f', 'JULIO RARA VISTA', '9 LEILAO RANCHO VALE RICO 11/10/2024- 50% RARA VISTA/FEMEA', 'PAGO', 42000.0, true),
  ('21c28941-9e1b-466f-9382-b77dbba7289e', 'RARA VISTA', '924db1e7-90e7-4a69-a99d-ccf51c965d40', 'JULIO CESAR ARAGAO MORAES', '15dea03f-b7b8-4bd1-804f-e16abaa3da8f', 'JULIO RARA VISTA', '9 LEILAO RANCHO VALE RICO 11/10/2024- 50% RARA VISTA/FEMEA', 'VENCIDO', 96000.0, true),
  ('2b976b96-2fe3-4520-bb9a-0e9049916e9e', 'RARA VISTA', '924db1e7-90e7-4a69-a99d-ccf51c965d40', 'JULIO CESAR ARAGAO MORAES', '15dea03f-b7b8-4bd1-804f-e16abaa3da8f', 'JULIO RARA VISTA', '9 LEILAO RANCHO VALE RICO 11/10/2024- 50% RARA VISTA/FEMEA', 'A_VENCER', 102000.0, true),
  ('46aaa4a2-15f3-41ca-b21a-2347c66b799c', 'SIOUX HANCOK', '429d860e-1008-4f7b-94c8-4a6e4d19a12c', 'LF EMPREENDIMENTOS AGROPECUARIOS(NOW COBRANCAS) - CNPJ: 28557760000113', '3f76638a-1f71-4649-8cc1-a277b94ea2be', 'LF EMPRE-. SIOUX', 'DR. WORKING HORSES 27/07/24 - CAVALO SIOUX HANCOCK', 'PAGO', 20000.0, true),
  ('8b46c975-e463-4adb-8dcc-0771defaf2fe', 'APACHE (50%)', 'cc7d54db-6a5d-4e7b-8918-3e4feba07d31', 'LUCINEI NUNES NOGUEIRA JUNIOR - CPF: 35077644829', '9f176233-a5ee-42fd-9978-06f9e80dbf4a', 'LUCINEI -APACHE 50%', 'LEILAO MONTE SIAO HARAS 02/12/24 -  EGUA 50% APACHE R HALI', 'VENCIDO', 3150000.0, true),
  ('825d0a59-f05f-4c26-9647-12f2f4d38d76', 'APACHE (50%)', 'cc7d54db-6a5d-4e7b-8918-3e4feba07d31', 'LUCINEI NUNES NOGUEIRA JUNIOR - CPF: 35077644829', '9f176233-a5ee-42fd-9978-06f9e80dbf4a', 'LUCINEI -APACHE 50%', 'LEILAO MONTE SIAO HARAS 02/12/24 -  EGUA 50% APACHE R HALI', 'A_VENCER', 4350000.0, true),
  ('5df116ce-d5ad-423b-93fa-0eb31ec6bb6e', 'BUDY SUCCESS HH - P275395', 'e136f0d0-089a-420a-8038-be8b6799c9f5', 'LUIZ ROBERTO FONTES PACCES - CPF: 12833186878', '9d0716c9-d4fd-4c11-a7ba-b55bebddbd0f', 'LUIZ ROBERTO -BUDY', 'BUDY SUCCESS 3 LEILAO DR WORKING HORSES', 'PAGO', 17000.0, true),
  ('ceee9c3c-4e77-456c-92de-4527ed9fa32e', 'SIMARIA FLING', 'd25fd270-ee72-4a08-81a5-7811b654bca5', 'MARCIANO MACHADO DE ANDRADE JUNIOR - CPF: 02247606539', '6e1f99f5-9ee8-48e6-aa8a-2b0e23a5e794', 'MARCIANO', 'CONTRATO DE COMPRA  01 MACHO E 1 FEMEA QUARTO DE MILHA  SEM REGISTRO ABQM', 'PAGO', 300000.0, true),
  ('daf84a5d-ea2b-44b1-846b-99c76f5c2949', 'SIMARIA FLING', 'd25fd270-ee72-4a08-81a5-7811b654bca5', 'MARCIANO MACHADO DE ANDRADE JUNIOR - CPF: 02247606539', '6e1f99f5-9ee8-48e6-aa8a-2b0e23a5e794', 'MARCIANO', 'CONTRATO DE COMPRA  01 MACHO E 1 FEMEA QUARTO DE MILHA  SEM REGISTRO ABQM', 'VENCIDO', 616000.0, true),
  ('2feb768e-bd3d-438b-9867-472cd5aaba51', 'SIMARIA FLING', 'd25fd270-ee72-4a08-81a5-7811b654bca5', 'MARCIANO MACHADO DE ANDRADE JUNIOR - CPF: 02247606539', '6e1f99f5-9ee8-48e6-aa8a-2b0e23a5e794', 'MARCIANO', 'CONTRATO DE COMPRA  01 MACHO E 1 FEMEA QUARTO DE MILHA  SEM REGISTRO ABQM', 'A_VENCER', 84000.0, true),
  ('94f34256-c754-4163-bb58-43c26ce54734', 'LINDA GUNNER', '240b7803-7cdc-4d48-9995-90016325b914', 'MG COMERCIO E SERVIÇOS - WILLIAM VALERIO BORGES (CAVALO LINDA GUNNER) - CNPJ: 15111975000164', 'fc4d297d-3231-48bd-b2e5-8554b150bee3', 'MG COM LINDA', '1 LEILAO HARAS 3 K E CONVIDADOS 14/09/2024 LINDA GUNNER', 'PAGO', 52500.0, true),
  ('bb2d98c7-2025-44a4-8f17-e5280d64f342', 'LINDA GUNNER', '240b7803-7cdc-4d48-9995-90016325b914', 'MG COMERCIO E SERVIÇOS - WILLIAM VALERIO BORGES (CAVALO LINDA GUNNER) - CNPJ: 15111975000164', 'fc4d297d-3231-48bd-b2e5-8554b150bee3', 'MG COM LINDA', '1 LEILAO HARAS 3 K E CONVIDADOS 14/09/2024 LINDA GUNNER', 'VENCIDO', 142500.0, true),
  ('a8674d18-7ad3-44a0-8333-71ceab8618cd', 'LINDA GUNNER', '240b7803-7cdc-4d48-9995-90016325b914', 'MG COMERCIO E SERVIÇOS - WILLIAM VALERIO BORGES (CAVALO LINDA GUNNER) - CNPJ: 15111975000164', 'fc4d297d-3231-48bd-b2e5-8554b150bee3', 'MG COM LINDA', '1 LEILAO HARAS 3 K E CONVIDADOS 14/09/2024 LINDA GUNNER', 'A_VENCER', 180000.0, true),
  ('96b015f5-f4c0-4581-89e7-fe78448234ae', 'MILADY JECK', 'fa0c9d5c-eec6-423b-98b3-ccce71dd67d9', 'MILANNY REPRODUCAO E INSEMINAÇÃO ARTIFICIAL LTDA - CNPJ: 57533673000124', 'aebf4a09-28d5-4b40-9074-db9a157e1b83', 'MILANNY MALADY', 'COMPRA QUARTO DE MILHA FEMEA  MILADY JECK - CONTRATO MILANNY REPRODUÇAO', 'PAGO', 3000.0, true),
  ('10b831a6-2591-45e6-acee-bf45d4ebe27d', 'MILADY JECK', 'fa0c9d5c-eec6-423b-98b3-ccce71dd67d9', 'MILANNY REPRODUCAO E INSEMINAÇÃO ARTIFICIAL LTDA - CNPJ: 57533673000124', 'aebf4a09-28d5-4b40-9074-db9a157e1b83', 'MILANNY MALADY', 'COMPRA QUARTO DE MILHA FEMEA  MILADY JECK - CONTRATO MILANNY REPRODUÇAO', 'VENCIDO', 36000.0, true),
  ('edcaf86c-5d86-4a0e-91f8-cd2c967b0b45', 'MILADY JECK', 'fa0c9d5c-eec6-423b-98b3-ccce71dd67d9', 'MILANNY REPRODUCAO E INSEMINAÇÃO ARTIFICIAL LTDA - CNPJ: 57533673000124', 'aebf4a09-28d5-4b40-9074-db9a157e1b83', 'MILANNY MALADY', 'COMPRA QUARTO DE MILHA FEMEA  MILADY JECK - CONTRATO MILANNY REPRODUÇAO', 'A_VENCER', 111000.0, true),
  ('193f89d2-9984-4f0c-8e1b-73ccea74b375', 'MISS VITORIA', '93e0183d-5c58-477f-a8ca-13478684dcd3', 'MILANNY REPRODUCAO E INSEMINAÇÃO ARTIFICIAL LTDA - CNPJ: 57533673000124', 'aebf4a09-28d5-4b40-9074-db9a157e1b83', 'MILANNY MISS VITORIA', 'COMPRA MISS VITORIA JECK - MILANNY REPRODUÇAÕ', 'PAGO', 4000.0, true),
  ('036fdf28-eaaf-43f3-b744-0925654f19f4', 'MISS VITORIA', '93e0183d-5c58-477f-a8ca-13478684dcd3', 'MILANNY REPRODUCAO E INSEMINAÇÃO ARTIFICIAL LTDA - CNPJ: 57533673000124', 'aebf4a09-28d5-4b40-9074-db9a157e1b83', 'MILANNY MISS VITORIA', 'COMPRA MISS VITORIA JECK - MILANNY REPRODUÇAÕ', 'VENCIDO', 48000.0, true),
  ('d2318df1-a4e5-4063-b17f-21e04eecdd41', 'MISS VITORIA', '93e0183d-5c58-477f-a8ca-13478684dcd3', 'MILANNY REPRODUCAO E INSEMINAÇÃO ARTIFICIAL LTDA - CNPJ: 57533673000124', 'aebf4a09-28d5-4b40-9074-db9a157e1b83', 'MILANNY MISS VITORIA', 'COMPRA MISS VITORIA JECK - MILANNY REPRODUÇAÕ', 'A_VENCER', 148000.0, true),
  ('35e74f4f-8842-4306-967a-0456bc2c1c8f', 'MY CHICS GOT GUNS', '6c38b527-157f-4643-9c25-c94f4296f3e2', 'ALPAKATHA AGROPECUÁRIA LTDA.', 'a3794e43-08c1-40fd-8421-bdcf714b571f', 'MY CHICS', '50% MY CHICS GOT GUNS - LOTE 30 - 3º LEILÃO JBJ RANCH E AMIGOS', 'PAGO', 363140.08, true),
  ('a1c354c3-bf02-4c0d-9ae4-09cf10d418bb', 'MY CHICS GOT GUNS', '6c38b527-157f-4643-9c25-c94f4296f3e2', 'ALPAKATHA AGROPECUÁRIA LTDA.', 'a3794e43-08c1-40fd-8421-bdcf714b571f', 'MY CHICS', '50% MY CHICS GOT GUNS - LOTE 30 - 3º LEILÃO JBJ RANCH E AMIGOS', 'VENCIDO', 115500.0, true),
  ('5bd20835-4ff6-4460-adc7-6092d8be07e1', 'MY CHICS GOT GUNS', '6c38b527-157f-4643-9c25-c94f4296f3e2', 'ALPAKATHA AGROPECUÁRIA LTDA.', 'a3794e43-08c1-40fd-8421-bdcf714b571f', 'MY CHICS', '50% MY CHICS GOT GUNS - LOTE 30 - 3º LEILÃO JBJ RANCH E AMIGOS', 'A_VENCER', 181500.0, true),
  ('16851c85-5614-4395-95f7-6c4e1679f339', 'MYDIAMONDS', '3a437403-9d0b-490d-89e5-46168d1c2392', 'RAFAEL CORREIA PAOLLELLO', 'a79dc064-4ba0-4169-8989-683dbf6ea02c', 'MYDIAMONDS', 'ENTRADA LEILAO BAIXA SINTETICA - LEILÃO MONTE SIÃO 02/12/2024 - 25%- EGUA - MYDIAMONDS R ESPECIAL', 'VENCIDO', 1425000.0, true),
  ('5c8374c2-d686-4585-91dd-b49d6cdae56a', 'MYDIAMONDS', '3a437403-9d0b-490d-89e5-46168d1c2392', 'RAFAEL CORREIA PAOLLELLO', 'a79dc064-4ba0-4169-8989-683dbf6ea02c', 'MYDIAMONDS', 'ENTRADA LEILAO BAIXA SINTETICA - LEILÃO MONTE SIÃO 02/12/2024 - 25%- EGUA - MYDIAMONDS R ESPECIAL', 'A_VENCER', 2175000.0, true),
  ('d8568039-c6ae-4794-8d13-4af0c04730d5', 'MYDIAMONDS', '3a437403-9d0b-490d-89e5-46168d1c2392', 'RAFAEL CORREIA PAOLLELLO', 'a79dc064-4ba0-4169-8989-683dbf6ea02c', 'MYDIAMONDS', 'ENTRADA LEILAO BAIXA SINTETICA - LEILÃO MONTE SIÃO 02/12/2024 - 25%- EGUA - MYDIAMONDS R ESPECIAL', 'DESCONTOS', 150000.0, true),
  ('5366af01-64cf-4688-b2e2-9629436802c8', 'COMPRA DE SUPLEMENTOS ANIMAL - HARAS', NULL, 'ESPACO RURAL COMERCIO E REPRESENTACAO LTDA - CNPJ: 18950829000706', '09155498-e22d-46d4-84d2-b69edbbabb8a', 'NF 1819', 'COMPRA DE SUPLEMENTOS ANIMAL - HARAS', 'PAGO', 3437.0, false),
  ('ee4815a9-933f-42ef-870e-733795d4e987', 'SPARKE BRUTÃO', '3a4e81f5-fca7-4ec9-ad5a-c148ca074968', 'NOW COBRANCAS - PAULO EDUARDO GARCIA - CPF: 03072020892', '8f52c801-680d-48d1-8dee-98a43a3fc92c', 'PAULO - SPARKE BRUT', '3° DR. WORKING HORSES 27/07/24 - SPARKE BRUTAO LOTE 26', 'PAGO', 72000.0, true),
  ('0d5944f3-4b39-470f-842f-9c59355cd3aa', 'SPARKE BRUTÃO', '3a4e81f5-fca7-4ec9-ad5a-c148ca074968', 'NOW COBRANCAS - PAULO EDUARDO GARCIA - CPF: 03072020892', '8f52c801-680d-48d1-8dee-98a43a3fc92c', 'PAULO - SPARKE BRUT', '3° DR. WORKING HORSES 27/07/24 - SPARKE BRUTAO LOTE 26', 'VENCIDO', 96000.0, true),
  ('d49d9029-90cb-46a3-b6ba-efad7cbeb62d', 'SPARKE BRUTÃO', '3a4e81f5-fca7-4ec9-ad5a-c148ca074968', 'NOW COBRANCAS - PAULO EDUARDO GARCIA - CPF: 03072020892', '8f52c801-680d-48d1-8dee-98a43a3fc92c', 'PAULO - SPARKE BRUT', '3° DR. WORKING HORSES 27/07/24 - SPARKE BRUTAO LOTE 26', 'A_VENCER', 72000.0, true),
  ('dbbf9761-efb5-4cc0-9a8d-ac9386c4638a', 'WOOD ZORRERO', '2ee695e2-5726-42e7-a5a9-a734de44834d', 'PAULO CESAR REBEIS FARHA', 'c5af0eb6-07db-4e7f-9836-09d4e9c85a6f', 'PAULO / WOOD ZORR', '18 CARUANA  & PROMISSAO 18/10/2024 POTRO WOOD ZORRERO', 'PAGO', 6000.0, true),
  ('33db4491-c988-49a6-8da6-309dc79c4623', 'WOOD ZORRERO', '2ee695e2-5726-42e7-a5a9-a734de44834d', 'PAULO CESAR REBEIS FARHA', 'c5af0eb6-07db-4e7f-9836-09d4e9c85a6f', 'PAULO / WOOD ZORR', '18 CARUANA  & PROMISSAO 18/10/2024 POTRO WOOD ZORRERO', 'DISTRATOS', 34000.0, true),
  ('76423c03-eb46-4e0c-93d1-3e883ae5efcc', 'POTRAS FRANGE - CONQUISTA  DUNA', '0ee4409e-4f40-4e97-aa9d-71d0aa2be887', 'ANTONIO FRANGE JUNIOR', 'b6d2c560-1a88-4f83-bef0-1c4870527e2b', 'POTRA AQHA', '1 LEILAO HARAS 3K E CONVIDADOS 14/09/2024 -50%  ANEXADO MAPA COMPRA', 'PAGO', 125000.0, true),
  ('f8316ec6-2eaa-44c6-88e4-e85160043dc0', 'POTRAS FRANGE - CONQUISTA  DUNA', '0ee4409e-4f40-4e97-aa9d-71d0aa2be887', 'ANTONIO FRANGE JUNIOR', 'b6d2c560-1a88-4f83-bef0-1c4870527e2b', 'POTRA AQHA', '1 LEILAO HARAS 3K E CONVIDADOS 14/09/2024 -50%  ANEXADO MAPA COMPRA', 'DISTRATOS', 500000.0, true),
  ('163123f9-7c8b-44c7-8780-fabc1ce67f36', 'QUIS SMOTH', '3504f1bc-4fb1-40fb-a1e8-a806d973de75', 'POVOAS E CORREA  POVOAS LTDA - CNPJ: 04621945000262', 'bc9f398e-9577-43cc-a79d-b387e14bdfc9', 'POVOAS- QUIS SMOTH', 'Virtual Haras ZA e Amigos - 14/11/2024- 33.33% 33.33% Quis Smoth BPC', 'PAGO', 1333.37, true),
  ('50a43265-606b-440a-b07a-84f92f450467', 'QUIS SMOTH', '3504f1bc-4fb1-40fb-a1e8-a806d973de75', 'POVOAS E CORREA  POVOAS LTDA - CNPJ: 04621945000262', 'bc9f398e-9577-43cc-a79d-b387e14bdfc9', 'POVOAS- QUIS SMOTH', 'Virtual Haras ZA e Amigos - 14/11/2024- 33.33% 33.33% Quis Smoth BPC', 'VENCIDO', 14666.75, true),
  ('69ba4cd9-c55b-4ef3-93af-453a3d1b5109', 'QUIS SMOTH', '3504f1bc-4fb1-40fb-a1e8-a806d973de75', 'POVOAS E CORREA  POVOAS LTDA - CNPJ: 04621945000262', 'bc9f398e-9577-43cc-a79d-b387e14bdfc9', 'POVOAS- QUIS SMOTH', 'Virtual Haras ZA e Amigos - 14/11/2024- 33.33% 33.33% Quis Smoth BPC', 'A_VENCER', 10666.72, true),
  ('fc0a3a55-3686-457c-8709-08caf656830b', 'QUINTURA ZORRERO E POTRO SEM REGISTRO', NULL, 'FAZENDA NOVA PITOMBEIRA -LAERSON DA SILVA MOURA - CPF: 99922045320', '1d6bcf25-7a9c-4582-a308-b2f359359ffc', 'QUINTURA ZORRERO/P', 'QUINTURA  ZORRERO E POTRA-FAZENDA NOVA PITOMBEIRA', 'PAGO', 600000.0, true),
  ('bfba362e-34b0-45ee-9efd-67dd9aa673d6', 'CAFU STELL', '9989aabb-d355-42fd-88ee-10cae1e43b3e', 'RANCHO FELIX CRIACAO DE EQUINO - GUILHERME SANDOVAL G. MARINI - CNPJ: 40064044000108', '7a8b9744-b9a2-471b-a644-506b4995081d', 'QUITADO-CAFU STEEL', 'LEILAO RANCHO FELIX E ARAGON APOLLO - EDICAO 2024- CAFU STEEL RFX', 'PAGO', 31500.0, true),
  ('997f8902-1904-42e7-84b2-4b7fde4f48f1', 'CAFU STELL', '9989aabb-d355-42fd-88ee-10cae1e43b3e', 'RANCHO FELIX CRIACAO DE EQUINO - GUILHERME SANDOVAL G. MARINI - CNPJ: 40064044000108', '7a8b9744-b9a2-471b-a644-506b4995081d', 'QUITADO-CAFU STEEL', 'LEILAO RANCHO FELIX E ARAGON APOLLO - EDICAO 2024- CAFU STEEL RFX', 'DESCONTOS', 108500.0, true),
  ('ab378199-fda5-4083-86c5-8c6db513bdee', 'LILYTH', 'f4793ecf-a583-49ce-9415-9865843c6f28', 'R. LINS RIOS ( RAFAEL LINS RIOS)-FAZENDA ESPERANCA - CPF: 01894001109', '1f5692a1-23dc-43b8-b3b7-81952de55940', 'R. LINS/ LILYTH', '50% EGUA LILYTH - MONTE SIAO 02/12/2024', 'PAGO', 45000.01, true),
  ('3f635eb9-3f17-473f-a4b7-3caae8fdebde', 'LILYTH', 'f4793ecf-a583-49ce-9415-9865843c6f28', 'R. LINS RIOS ( RAFAEL LINS RIOS)-FAZENDA ESPERANCA - CPF: 01894001109', '1f5692a1-23dc-43b8-b3b7-81952de55940', 'R. LINS/ LILYTH', '50% EGUA LILYTH - MONTE SIAO 02/12/2024', 'VENCIDO', 225000.0, true),
  ('63ce9cbe-ed47-492a-a099-69ac9f7175bf', 'LILYTH', 'f4793ecf-a583-49ce-9415-9865843c6f28', 'R. LINS RIOS ( RAFAEL LINS RIOS)-FAZENDA ESPERANCA - CPF: 01894001109', '1f5692a1-23dc-43b8-b3b7-81952de55940', 'R. LINS/ LILYTH', '50% EGUA LILYTH - MONTE SIAO 02/12/2024', 'A_VENCER', 450000.0, true),
  ('1354c0e2-14da-4f3d-b7ae-a5436c720a75', 'QUIS SMOTH', '3504f1bc-4fb1-40fb-a1e8-a806d973de75', 'R. LINS RIOS ( RAFAEL LINS RIOS)-FAZENDA ESPERANCA - CPF: 01894001109', '1f5692a1-23dc-43b8-b3b7-81952de55940', 'R.LINS QUIS SMOTH', 'VIRTUAL HARAS ZA E AMIGOS 14/11/24- 100%- QUIS SMOTH', 'PAGO', 3333.35, true),
  ('f6334460-5836-4d16-be91-e3779ef89f56', 'QUIS SMOTH', '3504f1bc-4fb1-40fb-a1e8-a806d973de75', 'R. LINS RIOS ( RAFAEL LINS RIOS)-FAZENDA ESPERANCA - CPF: 01894001109', '1f5692a1-23dc-43b8-b3b7-81952de55940', 'R.LINS QUIS SMOTH', 'VIRTUAL HARAS ZA E AMIGOS 14/11/24- 100%- QUIS SMOTH', 'VENCIDO', 12666.73, true),
  ('ec56657d-adb9-444c-91e0-418742cbb2eb', 'QUIS SMOTH', '3504f1bc-4fb1-40fb-a1e8-a806d973de75', 'R. LINS RIOS ( RAFAEL LINS RIOS)-FAZENDA ESPERANCA - CPF: 01894001109', '1f5692a1-23dc-43b8-b3b7-81952de55940', 'R.LINS QUIS SMOTH', 'VIRTUAL HARAS ZA E AMIGOS 14/11/24- 100%- QUIS SMOTH', 'A_VENCER', 10666.72, true),
  ('e019b2da-1ff9-4f0e-a75f-2aaf97c72556', 'HENRYETA JECK', '74c10cd0-0912-4e64-8e8a-64ec91c8789f', 'RANCHO VALE RICO LTDA', '499cdeb1-4b36-4e54-8db7-b562455d2f33', 'RANCHO HENRYE', '9 LEILAO RANCHO VALE RICO 11/10/24- 50% HENRYETTA JECK BSG- FEM LT. 031.AA1', 'PAGO', 520000.0, true),
  ('f28f2828-9032-4fe7-8c39-e19b08935829', 'HENRYETA JECK', '74c10cd0-0912-4e64-8e8a-64ec91c8789f', 'RANCHO VALE RICO LTDA', '499cdeb1-4b36-4e54-8db7-b562455d2f33', 'RANCHO HENRYE', '9 LEILAO RANCHO VALE RICO 11/10/24- 50% HENRYETTA JECK BSG- FEM LT. 031.AA1', 'VENCIDO', 975000.0, true),
  ('ca0253dd-2b4b-4357-ba62-2d0a6f7e9729', 'HENRYETA JECK', '74c10cd0-0912-4e64-8e8a-64ec91c8789f', 'RANCHO VALE RICO LTDA', '499cdeb1-4b36-4e54-8db7-b562455d2f33', 'RANCHO HENRYE', '9 LEILAO RANCHO VALE RICO 11/10/24- 50% HENRYETTA JECK BSG- FEM LT. 031.AA1', 'A_VENCER', 1105000.0, true),
  ('b0175396-e5e7-4260-8ebf-7b02a98e269b', 'HENRYETA JECK', '74c10cd0-0912-4e64-8e8a-64ec91c8789f', 'RANCHO VALE RICO LTDA', '499cdeb1-4b36-4e54-8db7-b562455d2f33', 'RANCHO HENRYE.', 'LEILAO RANCHO VALE RICO LT 31AB1- AGRESTE LEILAO HENRYETTA JECK BSG/FEM', 'PAGO', 65000.0, true),
  ('674d59ad-b738-4bd1-b655-1d83cc66e220', 'MISS BELA', 'de649f9e-c147-43d3-a633-bce7f4374607', 'RANCHO VALE RICO LTDA', '499cdeb1-4b36-4e54-8db7-b562455d2f33', 'RANCHO MISS BELA', 'BAIXA SINTETICA - 9 LEILAO RANCHO VALE RICO 11/10/24 -MISS BELLA STEEL/FEMEA 100%', 'PAGO', 35000.0, true),
  ('99a26900-8813-414d-bf5d-de53fa1b5903', 'MISS BELA', 'de649f9e-c147-43d3-a633-bce7f4374607', 'RANCHO VALE RICO LTDA', '499cdeb1-4b36-4e54-8db7-b562455d2f33', 'RANCHO MISS BELA', 'BAIXA SINTETICA - 9 LEILAO RANCHO VALE RICO 11/10/24 -MISS BELLA STEEL/FEMEA 100%', 'VENCIDO', 126000.0, true),
  ('58b356d5-ca57-46d2-816e-41bfd04d3f5e', 'MISS BELA', 'de649f9e-c147-43d3-a633-bce7f4374607', 'RANCHO VALE RICO LTDA', '499cdeb1-4b36-4e54-8db7-b562455d2f33', 'RANCHO MISS BELA', 'BAIXA SINTETICA - 9 LEILAO RANCHO VALE RICO 11/10/24 -MISS BELLA STEEL/FEMEA 100%', 'A_VENCER', 119000.0, true),
  ('327eec27-312d-44d1-ac63-d86fc9b639ef', 'HENRYETA JECK', '74c10cd0-0912-4e64-8e8a-64ec91c8789f', 'RANCHO VALE RICO LTDA', '499cdeb1-4b36-4e54-8db7-b562455d2f33', 'RANCHO VL RICO', 'SINAL ENTRADA - LEILAO RANCHO VALE RICO LT 08/10/31/32 E 101 CAVALOS', 'PAGO', 174100.0, true),
  ('8695236b-b3fc-475c-b81b-4b1afde27b8a', 'LEILAO RANCHO VALE RICO LT 31AC1 E 42B1- AGRESTE LEILAO', NULL, 'RANCHO VALE RICO LTDA', '499cdeb1-4b36-4e54-8db7-b562455d2f33', 'RANCHO VL RICO LT31/', 'LEILAO RANCHO VALE RICO LT 31AC1 E 42B1- AGRESTE LEILAO', 'PAGO', 77000.0, false),
  ('af4925e4-db41-4b60-992e-8a0b963c8fa4', 'HENRYETA JECK', '74c10cd0-0912-4e64-8e8a-64ec91c8789f', 'RANCHO VALE RICO LTDA', '499cdeb1-4b36-4e54-8db7-b562455d2f33', 'RANCHO VL RICO-DIEG', '9° LEILAO RANCHO VALE RICO 11/10/2024  VENTRE- DIEGUITA NEW HJG/Embriao', 'PAGO', 50000.0, true),
  ('4c2613f9-5382-42e8-95af-80151a555e0e', 'HENRYETA JECK', '74c10cd0-0912-4e64-8e8a-64ec91c8789f', 'RANCHO VALE RICO LTDA', '499cdeb1-4b36-4e54-8db7-b562455d2f33', 'RANCHO VL RICO-DIEG', '9° LEILAO RANCHO VALE RICO 11/10/2024  VENTRE- DIEGUITA NEW HJG/Embriao', 'VENCIDO', 180000.0, true),
  ('974381a1-8b53-4161-bfb7-7efa41429829', 'HENRYETA JECK', '74c10cd0-0912-4e64-8e8a-64ec91c8789f', 'RANCHO VALE RICO LTDA', '499cdeb1-4b36-4e54-8db7-b562455d2f33', 'RANCHO VL RICO-DIEG', '9° LEILAO RANCHO VALE RICO 11/10/2024  VENTRE- DIEGUITA NEW HJG/Embriao', 'A_VENCER', 170000.0, true),
  ('f5fdc867-3f7e-44f0-a416-97599902f231', 'MISS BELA', 'de649f9e-c147-43d3-a633-bce7f4374607', 'RANCHO VALE RICO LTDA', '499cdeb1-4b36-4e54-8db7-b562455d2f33', 'RANCO COBERT. APOL', '9° LEILAO RANCHO VALE RICO- -COLONELS SMOKING GUN X MISS GOOD SOUND DE MILHA-PO', 'PAGO', 6000.0, true),
  ('f1f211a9-6107-4296-ab7a-e29d1cd364c4', 'MISS BELA', 'de649f9e-c147-43d3-a633-bce7f4374607', 'RANCHO VALE RICO LTDA', '499cdeb1-4b36-4e54-8db7-b562455d2f33', 'RANCO COBERT. APOL', '9° LEILAO RANCHO VALE RICO- -COLONELS SMOKING GUN X MISS GOOD SOUND DE MILHA-PO', 'VENCIDO', 27000.0, true),
  ('3f6c68e1-d6fb-41fd-95f8-380438fec3f7', 'MISS BELA', 'de649f9e-c147-43d3-a633-bce7f4374607', 'RANCHO VALE RICO LTDA', '499cdeb1-4b36-4e54-8db7-b562455d2f33', 'RANCO COBERT. APOL', '9° LEILAO RANCHO VALE RICO- -COLONELS SMOKING GUN X MISS GOOD SOUND DE MILHA-PO', 'A_VENCER', 42000.0, true),
  ('755df596-907b-4dff-a7e3-233e0444c239', 'MIA BLACK', '88d85540-542e-4448-be0e-371cb7c1d7da', 'RHF RANCH AGROPECUARIA LTDA - CNPJ: 30879736000142', 'e8c674d7-3552-45f3-91b0-4ebe566c68c8', 'RHF RANCH-MIA BLACK', 'LIVE RANCHO CTB & AMIGOS 24/11/2024 ANEXADO  MAPA COMPRA', 'PAGO', 17500.0, true),
  ('cb908922-b633-433c-b811-2ec41df39223', 'MIA BLACK', '88d85540-542e-4448-be0e-371cb7c1d7da', 'RHF RANCH AGROPECUARIA LTDA - CNPJ: 30879736000142', 'e8c674d7-3552-45f3-91b0-4ebe566c68c8', 'RHF RANCH-MIA BLACK', 'LIVE RANCHO CTB & AMIGOS 24/11/2024 ANEXADO  MAPA COMPRA', 'VENCIDO', 42500.0, true),
  ('62c7233a-2c62-46ef-b5fb-8cea0c98427e', 'MIA BLACK', '88d85540-542e-4448-be0e-371cb7c1d7da', 'RHF RANCH AGROPECUARIA LTDA - CNPJ: 30879736000142', 'e8c674d7-3552-45f3-91b0-4ebe566c68c8', 'RHF RANCH-MIA BLACK', 'LIVE RANCHO CTB & AMIGOS 24/11/2024 ANEXADO  MAPA COMPRA', 'A_VENCER', 40000.0, true),
  ('624de2e3-7596-44bc-b395-64fbf3015773', '12 CAVALOS QUE COMPRAMOS NO LEILAO SANTHYAGO', '5a03e2eb-2807-4b40-97c0-783ece1f527d', 'SANTHYAGO LEILOES LTDA - CNPJ: 42708251000175', '68df5c74-5b35-440a-ae35-90040da5f8f2', 'SANTHYAGO', 'COMPRA DE CAVALOS', 'PAGO', 203280.0, true),
  ('ecc0ad51-b7c1-4c3b-aa9f-71e22ef9ee30', 'SHINING SMART CHEX', '7e6cf6bd-03a2-4ea6-b795-5dc5c901d402', 'PERBONI FLS S/A', '1c74d868-15bf-4a2d-89ed-85201564ab86', 'SHINING SMARTY', 'LEILAO MONTE SIAO 02/12/2024 - 16,67% SHINING SMARTY CHEX', 'PAGO', 12499.99, true),
  ('b893510d-63d4-4372-be51-584b6822ab10', 'SHINING SMART CHEX', '7e6cf6bd-03a2-4ea6-b795-5dc5c901d402', 'PERBONI FLS S/A', '1c74d868-15bf-4a2d-89ed-85201564ab86', 'SHINING SMARTY', 'LEILAO MONTE SIAO 02/12/2024 - 16,67% SHINING SMARTY CHEX', 'VENCIDO', 74999.88, true),
  ('2ca87689-2b6f-4e69-8765-373cf2a45a95', 'SHINING SMART CHEX', '7e6cf6bd-03a2-4ea6-b795-5dc5c901d402', 'PERBONI FLS S/A', '1c74d868-15bf-4a2d-89ed-85201564ab86', 'SHINING SMARTY', 'LEILAO MONTE SIAO 02/12/2024 - 16,67% SHINING SMARTY CHEX', 'A_VENCER', 120833.14, true),
  ('47189a45-f733-4302-ac1a-5845aea11a55', 'SO MUCH INFERNAL', '178a28b6-cc67-48bf-96d6-1bb25d785dcc', 'RICARDO SONCINI RODRIGUES(NOW COBRANCAS) - CPF: 16772080823', '07d7ca32-f4f6-4b19-a815-1474770bc539', 'SO MUCH INFERNAL', 'LEILÃO VIRTUAL HARAS 3 NETINHOS 2024 - 13/11/2024 -ANEXADO MAPA COMPRA SO MUCH INFERNAL', 'PAGO', 40000.0, true),
  ('05a1c8b4-0264-417d-94fc-b0c7da4499f2', 'SO MUCH INFERNAL', '178a28b6-cc67-48bf-96d6-1bb25d785dcc', 'RICARDO SONCINI RODRIGUES(NOW COBRANCAS) - CPF: 16772080823', '07d7ca32-f4f6-4b19-a815-1474770bc539', 'SO MUCH INFERNAL', 'LEILÃO VIRTUAL HARAS 3 NETINHOS 2024 - 13/11/2024 -ANEXADO MAPA COMPRA SO MUCH INFERNAL', 'VENCIDO', 190000.0, true),
  ('197f7472-2b9a-4a06-8325-5cfc9fa95829', 'SO MUCH INFERNAL', '178a28b6-cc67-48bf-96d6-1bb25d785dcc', 'RICARDO SONCINI RODRIGUES(NOW COBRANCAS) - CPF: 16772080823', '07d7ca32-f4f6-4b19-a815-1474770bc539', 'SO MUCH INFERNAL', 'LEILÃO VIRTUAL HARAS 3 NETINHOS 2024 - 13/11/2024 -ANEXADO MAPA COMPRA SO MUCH INFERNAL', 'A_VENCER', 170000.0, true),
  ('ab0c74b6-42c4-4f36-878f-8db58ca7a326', 'SOOKIE', '8443add5-d4e6-46ac-ad22-08d48df4448b', 'ANTONIO FRANGE JUNIOR', 'b6d2c560-1a88-4f83-bef0-1c4870527e2b', 'SOOKIE', '33% SOOKIE - LOTE 15 - 3º LEILÃO JBJ RANCH E AMIGOS', 'PAGO', 390000.0, true),
  ('9f0e365a-8dff-4268-9d54-cacec1ef0e88', 'SOOKIE', '8443add5-d4e6-46ac-ad22-08d48df4448b', 'ANTONIO FRANGE JUNIOR', 'b6d2c560-1a88-4f83-bef0-1c4870527e2b', 'SOOKIE', '33% SOOKIE - LOTE 15 - 3º LEILÃO JBJ RANCH E AMIGOS', 'VENCIDO', 225000.0, true),
  ('13db6fe6-7ee5-4900-904e-2c5c5da84c93', 'SOOKIE', '8443add5-d4e6-46ac-ad22-08d48df4448b', 'ANTONIO FRANGE JUNIOR', 'b6d2c560-1a88-4f83-bef0-1c4870527e2b', 'SOOKIE', '33% SOOKIE - LOTE 15 - 3º LEILÃO JBJ RANCH E AMIGOS', 'A_VENCER', 375000.0, true),
  ('143a7e31-dede-4073-9a5f-a141887292d3', 'SOOKIE', '8443add5-d4e6-46ac-ad22-08d48df4448b', 'JAMIL BUCHALLA FILHO - CNPJ: 07998298000110', '70aaa061-3c11-4756-a162-b40938bb0f4f', 'SOOKIE', '33% SOOKIE - LOTE 15 - 3º LEILÃO JBJ RANCH E AMIGOS', 'PAGO', 400000.0, true),
  ('db0f2877-9294-40c0-b30b-e6b2f5df72ed', 'SOOKIE', '8443add5-d4e6-46ac-ad22-08d48df4448b', 'JAMIL BUCHALLA FILHO - CNPJ: 07998298000110', '70aaa061-3c11-4756-a162-b40938bb0f4f', 'SOOKIE', '33% SOOKIE - LOTE 15 - 3º LEILÃO JBJ RANCH E AMIGOS', 'VENCIDO', 225000.0, true),
  ('4e3a7df8-f6d8-4b78-866c-abf9fb6f707d', 'SOOKIE', '8443add5-d4e6-46ac-ad22-08d48df4448b', 'JAMIL BUCHALLA FILHO - CNPJ: 07998298000110', '70aaa061-3c11-4756-a162-b40938bb0f4f', 'SOOKIE', '33% SOOKIE - LOTE 15 - 3º LEILÃO JBJ RANCH E AMIGOS', 'A_VENCER', 375000.0, true),
  ('290c3862-ac91-4fa2-80f5-79b1c5d136ef', 'SPARKLING BELLY SKY', '87a7cff6-79e3-451a-8096-82212e9e2444', 'MARCUS VINICIUS OREFICE - CPF: 05802340886', '4aad92f8-2ea8-4450-8f17-f13adb9a480b', 'SPARKLING BELLY SKY', 'DR WORKING HORSES - 27/07/24 - SPARKLING BELLY SKY', 'PAGO', 71500.0, true),
  ('45fd5d86-59d5-49db-8f5c-fbc21aa84aab', 'SWIISS SEG', NULL, 'SWISS RE CORPORATE SOLUTIONS BRASIL SEGURO S/A', '9e295d21-4d91-4d4b-acec-4d313dc94b5a', 'SWIISS SEG', 'SEGURO CAVALOS HARAS PARCELAS APOLICE 0264002 4094/000000', 'PAGO', 3975.96, false),
  ('e36df395-6ec8-41d9-a3a3-99a01489b9ec', 'EASE JECK', 'fd653b40-63a8-4189-be54-399b6e59313d', 'UNDERVAL AGROPECUARIA LTDA.', '230e580d-0ca3-475a-bff1-c4405fe02051', 'UNDERVAL EASE JECK', 'AGRESTE LEILAO - 33,33%  UNDERVAL', 'PAGO', 378666.64, true),
  ('d7357a73-42a4-436e-a124-b74e10f23453', 'EASE JECK', 'fd653b40-63a8-4189-be54-399b6e59313d', 'UNDERVAL AGROPECUARIA LTDA.', '230e580d-0ca3-475a-bff1-c4405fe02051', 'UNDERVAL EASE JECK', 'AGRESTE LEILAO - 33,33%  UNDERVAL', 'VENCIDO', 662666.62, true),
  ('3784c8c5-0ba5-450c-ab66-014e99ef58c3', 'EASE JECK', 'fd653b40-63a8-4189-be54-399b6e59313d', 'UNDERVAL AGROPECUARIA LTDA.', '230e580d-0ca3-475a-bff1-c4405fe02051', 'UNDERVAL EASE JECK', 'AGRESTE LEILAO - 33,33%  UNDERVAL', 'A_VENCER', 709999.9500000001, true),
  ('54ef6753-800b-4dac-9d66-ecef6cbc5c29', 'HENRYETA JECK', '74c10cd0-0912-4e64-8e8a-64ec91c8789f', 'UNDERVAL AGROPECUARIA LTDA.', '230e580d-0ca3-475a-bff1-c4405fe02051', 'UNDERVAL HENRYETTA', '9 LEILAO RANCHO VALE RICO 11/10/2024-  25% HENRYETTA JECK BSG- FEMEA', 'PAGO', 260000.0, true),
  ('d6330188-902a-4a5d-8d12-eec85abae0ad', 'HENRYETA JECK', '74c10cd0-0912-4e64-8e8a-64ec91c8789f', 'UNDERVAL AGROPECUARIA LTDA.', '230e580d-0ca3-475a-bff1-c4405fe02051', 'UNDERVAL HENRYETTA', '9 LEILAO RANCHO VALE RICO 11/10/2024-  25% HENRYETTA JECK BSG- FEMEA', 'VENCIDO', 487500.0, true),
  ('8ce7b830-42ca-45d5-bbed-9d194427ac91', 'HENRYETA JECK', '74c10cd0-0912-4e64-8e8a-64ec91c8789f', 'UNDERVAL AGROPECUARIA LTDA.', '230e580d-0ca3-475a-bff1-c4405fe02051', 'UNDERVAL HENRYETTA', '9 LEILAO RANCHO VALE RICO 11/10/2024-  25% HENRYETTA JECK BSG- FEMEA', 'A_VENCER', 552500.0, true),
  ('11388a68-5f8c-45b6-8dc8-a60d33d40b2e', 'MASKED DIAMOND', '37a75f73-bf73-4b58-8e23-39108c293711', 'UNDERVAL AGROPECUARIA LTDA.', '230e580d-0ca3-475a-bff1-c4405fe02051', 'UNDERVAL MASKED', 'MASKED DIAMONAL 50% -UNDERVAL', 'PAGO', 93750.0, true),
  ('7a06adf1-b53c-4b8d-8dac-6e53577a9983', 'MASKED DIAMOND', '37a75f73-bf73-4b58-8e23-39108c293711', 'UNDERVAL AGROPECUARIA LTDA.', '230e580d-0ca3-475a-bff1-c4405fe02051', 'UNDERVAL MASKED', 'MASKED DIAMONAL 50% -UNDERVAL', 'VENCIDO', 337500.0, true),
  ('79faf400-65fe-4eff-a324-be3f8011c9cf', 'MASKED DIAMOND', '37a75f73-bf73-4b58-8e23-39108c293711', 'UNDERVAL AGROPECUARIA LTDA.', '230e580d-0ca3-475a-bff1-c4405fe02051', 'UNDERVAL MASKED', 'MASKED DIAMONAL 50% -UNDERVAL', 'A_VENCER', 318750.0, true),
  ('d017c3cb-4e48-4fcd-97c9-2d79639e9a48', 'VENCEDORA DOC FIT', 'd7d307ef-148b-49b9-860d-a0d4b86192f6', 'EDMILSON JAPIASSU SANTOS - CPF: 08378978400', '42bcb2c6-1eb4-47c3-a852-b8a0afde452c', 'VENCEDORA DOC', 'VENCEDORA DOC FIT- VITRINE - CAVALO', 'PAGO', 55100.0, true),
  ('a71fb34a-b18e-4ee4-9dc9-299c47959f9f', 'AS TIME GOES BY FFB', '167afa83-a136-4d5f-af71-8de14f1aab28', 'CARLOS EDUARDO PEDROSA AURICHIO-PASIN - CNPJ: 09619469000692', '3b9c8b23-dc9e-4778-b282-b0f5e6dd3dc6', 'VENTRE -  NU CHEX', 'ROPING FUTURITIES- COBERTURA 29/11/24 - 100% VENTRE - NU CHEX PAGTO FUTUROS DEPOIS DA EFETIVACAO', 'PAGO', 10000.0, true),
  ('cf83104a-a5af-400a-8526-8011b8ec847b', 'AS TIME GOES BY FFB', '167afa83-a136-4d5f-af71-8de14f1aab28', 'CARLOS EDUARDO PEDROSA AURICHIO-PASIN - CNPJ: 09619469000692', '3b9c8b23-dc9e-4778-b282-b0f5e6dd3dc6', 'VENTRE SHE DUNIT', 'LEILAO ROPING FUTURITIS COBERTURA- 29-11-24 100% SHE DUNIT EASY X  LIVRE ACASAL-ANEXADO M COMPRA', 'PAGO', 8000.0, true),
  ('9a4806c7-7313-4078-8437-d3007a555837', 'ONE TIME SUCESS', '1c786c1e-0d96-4618-b5e2-2356fcd75314', 'VICENTE MORENO PEREIRA SILVA', '15dced52-b9f5-4d41-8024-f2b52b72d645', 'VICENTE-ONE TIME', '3 WORKING HORSE 27/07/24 LT 04', 'PAGO', 6200.0, true),
  ('0e77a306-d953-463a-80b0-5ef95c5e6561', 'ONE TIME SUCESS', '1c786c1e-0d96-4618-b5e2-2356fcd75314', 'VICENTE MORENO PEREIRA SILVA', '15dced52-b9f5-4d41-8024-f2b52b72d645', 'VIVENTE ONE TIME', '3 DR WORKING HORSES 27/07/2024  ONE TIME', 'PAGO', 37200.0, true),
  ('f79e4b6f-11bf-4f9b-ba95-ac3ebe60ec2e', 'ETNA CASH', 'b9a789aa-7e45-42f3-8449-52a9c48dbe8a', 'WILSON DE MORAES COUTINHO NETO (HARAS WMC) - CPF: 03892445460', '5ca54d62-06eb-4259-9ac9-4102450a8137', 'WILSON DE MORA(ETNA', 'CONTRATO COMPRA E VENDA ANIMAL EQUINO- ETNA CASH STELL(P231281) ANEXADO CONTRATO', 'PAGO', 240000.0, true),
  ('0f9078c0-d455-4195-bbad-84833325e21a', 'ETNA CASH', 'b9a789aa-7e45-42f3-8449-52a9c48dbe8a', 'WILSON DE MORAES COUTINHO NETO (HARAS WMC) - CPF: 03892445460', '5ca54d62-06eb-4259-9ac9-4102450a8137', 'WILSON DE MORA(ETNA', 'CONTRATO COMPRA E VENDA ANIMAL EQUINO- ETNA CASH STELL(P231281) ANEXADO CONTRATO', 'VENCIDO', 60000.0, true),
  ('983e1251-91be-4196-bf6f-13b269c93867', 'DOURADA APOLLO', 'a02d3f62-f38e-471a-a515-fc5159acff4a', 'YURE PIANCO (PIANCO MATERIAIS DE CONSTRUCAO LTDA - CNPJ: 48757441000169', 'b51cfdb9-0ce7-42f0-9e13-07ee3f5b1655', 'YURE DOURADA', 'COMPRA E VENDA DOURADA APOLLO TEARS- ERONILDO MACEDO DA E SILVA E YURE PIANCO', 'PAGO', 42500.0, true),
  ('3c2ad13e-b76f-4ba4-8488-540ae15f612a', 'DOURADA APOLLO', 'a02d3f62-f38e-471a-a515-fc5159acff4a', 'YURE PIANCO (PIANCO MATERIAIS DE CONSTRUCAO LTDA - CNPJ: 48757441000169', 'b51cfdb9-0ce7-42f0-9e13-07ee3f5b1655', 'YURE DOURADA', 'COMPRA E VENDA DOURADA APOLLO TEARS- ERONILDO MACEDO DA E SILVA E YURE PIANCO', 'VENCIDO', 90000.0, true);